/*
 Navicat Premium Dump SQL

 Source Server         : 127.0.0.1
 Source Server Type    : MySQL
 Source Server Version : 80033 (8.0.33)
 Source Host           : localhost:3306
 Source Schema         : mall

 Target Server Type    : MySQL
 Target Server Version : 80033 (8.0.33)
 File Encoding         : 65001

 Date: 28/10/2024 10:21:06
*/

SET NAMES utf8mb4;
SET FOREIGN_KEY_CHECKS = 0;

-- ----------------------------
-- Table structure for addr
-- ----------------------------
DROP TABLE IF EXISTS `addr`;
CREATE TABLE `addr`  (
  `id` int NOT NULL AUTO_INCREMENT,
  `contact` varchar(255) CHARACTER SET utf8mb3 COLLATE utf8mb3_general_ci NOT NULL COMMENT '联系人',
  `phone` varchar(11) CHARACTER SET utf8mb3 COLLATE utf8mb3_general_ci NOT NULL COMMENT '电话',
  `province` varchar(16) CHARACTER SET utf8mb3 COLLATE utf8mb3_general_ci NOT NULL COMMENT '省',
  `city` varchar(32) CHARACTER SET utf8mb3 COLLATE utf8mb3_general_ci NOT NULL COMMENT '市',
  `district` varchar(32) CHARACTER SET utf8mb3 COLLATE utf8mb3_general_ci NOT NULL COMMENT '区县',
  `street` varchar(32) CHARACTER SET utf8mb3 COLLATE utf8mb3_general_ci NULL DEFAULT NULL COMMENT '乡、镇、街道',
  `address` varchar(64) CHARACTER SET utf8mb3 COLLATE utf8mb3_general_ci NOT NULL COMMENT '详细地址',
  `user_id` int NOT NULL COMMENT '用户的ID',
  `status` int NOT NULL DEFAULT 0 COMMENT '状态  1：默认  0：非默认',
  PRIMARY KEY (`id`) USING BTREE
) ENGINE = InnoDB AUTO_INCREMENT = 32 CHARACTER SET = utf8mb3 COLLATE = utf8mb3_general_ci ROW_FORMAT = DYNAMIC;

-- ----------------------------
-- Records of addr
-- ----------------------------
INSERT INTO `addr` VALUES (1, '张三', '13322332233', '山东', '青岛', '城阳', '城阳', '农大西苑综合办公楼中享思途', 2, 0);
INSERT INTO `addr` VALUES (3, '张三', '13322332233', '山东', '青岛', '城阳', '城阳', '农大西苑综合办公楼中享思途', 2, 0);
INSERT INTO `addr` VALUES (6, '张三', '13322332232', '山东', '青岛', '城阳', '城阳', '农大西苑综合办公楼中享思途', 2, 0);
INSERT INTO `addr` VALUES (8, '张三', '13322332230', '山东', '青岛', '城阳', '城阳', '农大西苑综合办公楼中享思途', 2, 0);
INSERT INTO `addr` VALUES (13, '张三42', '13322332232', '山东', '青岛', '城阳', '城阳', '农大西苑综合办公楼中享思途', 2, 0);
INSERT INTO `addr` VALUES (15, '张三33', '13322332230', '山东', '青岛', '城阳', '城阳', '农大西苑综合办公楼中享思途', 2, 0);
INSERT INTO `addr` VALUES (17, '张三45', '13322332226', '山东', '青岛', '城阳', '城阳', '农大西苑综合办公楼中享思途', 2, 0);
INSERT INTO `addr` VALUES (19, '张三60', '13322332222', '山东', '青岛', '城阳', '城阳', '农大西苑综合办公楼中享思途', 2, 0);
INSERT INTO `addr` VALUES (28, '11121', '1122', '山东省', '青岛市', '城阳区', '流亭街道', '11', 1, 0);
INSERT INTO `addr` VALUES (29, '22', '22', '山东省', '聊城市', '东昌府区', '湖西街道', '22', 1, 0);
INSERT INTO `addr` VALUES (30, '33', '33', '北京市', '市辖区', '顺义区', '后沙峪地区', '33', 1, 0);
INSERT INTO `addr` VALUES (31, '123', '1231', '北京市', '市辖区', '丰台区', '西罗园街道', '213', 4, 1);

-- ----------------------------
-- Table structure for admin
-- ----------------------------
DROP TABLE IF EXISTS `admin`;
CREATE TABLE `admin`  (
  `id` int NOT NULL AUTO_INCREMENT,
  `username` varchar(16) CHARACTER SET utf8mb3 COLLATE utf8mb3_general_ci NOT NULL,
  `password` varchar(64) CHARACTER SET utf8mb3 COLLATE utf8mb3_general_ci NOT NULL COMMENT 'MD5双重盐加密',
  `salt` varchar(8) CHARACTER SET utf8mb3 COLLATE utf8mb3_general_ci NOT NULL,
  `phone` varchar(11) CHARACTER SET utf8mb3 COLLATE utf8mb3_general_ci NULL DEFAULT NULL,
  `email` varchar(64) CHARACTER SET utf8mb3 COLLATE utf8mb3_general_ci NULL DEFAULT NULL,
  `realname` varchar(32) CHARACTER SET utf8mb3 COLLATE utf8mb3_general_ci NULL DEFAULT NULL,
  `create_time` timestamp NOT NULL DEFAULT CURRENT_TIMESTAMP COMMENT '创建时间',
  `status` int NOT NULL DEFAULT 0 COMMENT '0:正常 1:禁用',
  PRIMARY KEY (`id`) USING BTREE
) ENGINE = InnoDB AUTO_INCREMENT = 8 CHARACTER SET = utf8mb3 COLLATE = utf8mb3_general_ci ROW_FORMAT = DYNAMIC;

-- ----------------------------
-- Records of admin
-- ----------------------------
INSERT INTO `admin` VALUES (1, 'admin', '3b817a99a744cb92d6e9d6aab393830b', '981a735b', '18463701093', 'admin@situ.com', '超级管理员', '2024-09-06 16:07:48', 1);
INSERT INTO `admin` VALUES (2, 'tom', '24b00dc93914c10a5f524146c95bc164', 'a9987413', '13312341234', 'tom@situ.com', '汤姆.克鲁斯', '2024-09-06 16:07:48', 1);
INSERT INTO `admin` VALUES (3, 'jerry', '3b817a99a744cb92d6e9d6aab393830b', '9a26f461', '15856785678', 'jerry@st.com', '杰瑞', '2024-09-06 16:07:48', 1);
INSERT INTO `admin` VALUES (4, 'jack', '3b817a99a744cb92d6e9d6aab393830b', 'a395f653', '15523452345', 'jack@situ.com', '杰克', '2024-09-06 16:07:48', 1);
INSERT INTO `admin` VALUES (5, 'rose', '3b817a99a744cb92d6e9d6aab393830b', '22fdd443', '15634563456', 'rose@situ.com', '肉丝', '2024-09-06 16:07:48', 1);
INSERT INTO `admin` VALUES (6, 'tom123', '3b817a99a744cb92d6e9d6aab393830b', '49b6d39c', NULL, NULL, NULL, '2024-09-06 17:34:43', 1);
INSERT INTO `admin` VALUES (7, 'tom001', '3b817a99a744cb92d6e9d6aab393830b', '174569f2', '123', '123', '123', '2024-09-12 17:55:56', 1);

-- ----------------------------
-- Table structure for cart
-- ----------------------------
DROP TABLE IF EXISTS `cart`;
CREATE TABLE `cart`  (
  `id` int NOT NULL AUTO_INCREMENT,
  `count` int UNSIGNED NOT NULL,
  `user_id` int NOT NULL,
  `goods_id` int NOT NULL,
  PRIMARY KEY (`id`) USING BTREE
) ENGINE = InnoDB AUTO_INCREMENT = 110 CHARACTER SET = utf8mb3 COLLATE = utf8mb3_general_ci ROW_FORMAT = DYNAMIC;

-- ----------------------------
-- Records of cart
-- ----------------------------
INSERT INTO `cart` VALUES (109, 1, 1, 40);

-- ----------------------------
-- Table structure for category
-- ----------------------------
DROP TABLE IF EXISTS `category`;
CREATE TABLE `category`  (
  `id` int NOT NULL AUTO_INCREMENT COMMENT '主键',
  `name` varchar(32) CHARACTER SET utf8mb3 COLLATE utf8mb3_general_ci NOT NULL COMMENT '名称',
  `dscp` varchar(128) CHARACTER SET utf8mb3 COLLATE utf8mb3_general_ci NULL DEFAULT NULL COMMENT '描述',
  `pic` varchar(128) CHARACTER SET utf8mb3 COLLATE utf8mb3_general_ci NULL DEFAULT NULL COMMENT '图片',
  `parent_id` int NOT NULL DEFAULT 0 COMMENT '父分类',
  `recom` int UNSIGNED NOT NULL DEFAULT 0 COMMENT '0:不推荐 1：推荐',
  `status` int NOT NULL DEFAULT 0 COMMENT '0:下架 1:上架',
  PRIMARY KEY (`id`) USING BTREE
) ENGINE = InnoDB AUTO_INCREMENT = 37 CHARACTER SET = utf8mb3 COLLATE = utf8mb3_general_ci ROW_FORMAT = DYNAMIC;

-- ----------------------------
-- Records of category
-- ----------------------------
INSERT INTO `category` VALUES (1, '手机', '手机中的战斗机', '1.jpg', 0, 1, 1);
INSERT INTO `category` VALUES (2, '电脑', '电脑中的战斗脑', '1.jpg', 0, 1, 1);
INSERT INTO `category` VALUES (3, '智能手机', '手机中的智能机', '1.jpg', 1, 0, 1);
INSERT INTO `category` VALUES (4, '老人机', '手机中的老年机', '1.jpg', 1, 1, 1);
INSERT INTO `category` VALUES (5, '笔记本电脑', '电脑中的笔记本', '1.jpg', 2, 1, 1);
INSERT INTO `category` VALUES (6, '电视', '电视机中的战斗机', '1.jpg', 0, 1, 1);
INSERT INTO `category` VALUES (7, '笔记本 平板', '笔记本中的战斗机', '1.jpg', 0, 0, 1);
INSERT INTO `category` VALUES (8, '家电', '家电中的战斗机', '1.jpg', 0, 1, 1);
INSERT INTO `category` VALUES (9, '出行 穿戴', '出行中的战斗机', '1.jpg', 0, 0, 1);
INSERT INTO `category` VALUES (10, '智能 路由器', '智能中的战斗机', '1.jpg', 0, 1, 1);
INSERT INTO `category` VALUES (11, '智能电视', '带AI的电视', '1.jpg', 6, 1, 1);
INSERT INTO `category` VALUES (12, '学生手机', '学生用的小手机', '1.jpg', 1, 0, 1);
INSERT INTO `category` VALUES (13, '黑白电视', '黑白的，你见过么', '1.jpg', 6, 0, 1);
INSERT INTO `category` VALUES (14, '大电视', '大个的电视', '1.jpg', 6, 0, 1);
INSERT INTO `category` VALUES (15, '轻薄本', '轻的本', '1.jpg', 7, 0, 1);
INSERT INTO `category` VALUES (16, '商务本', '商务的', '1.jpg', 7, 0, 1);
INSERT INTO `category` VALUES (17, '性能本', '性能的', '1.jpg', 7, 0, 1);
INSERT INTO `category` VALUES (18, '生产力', '很强', '1.jpg', 7, 0, 1);
INSERT INTO `category` VALUES (19, '工作站', '工作站', '1.jpg', 7, 0, 1);
INSERT INTO `category` VALUES (20, '冰箱', '能装大象', '1.jpg', 8, 0, 1);
INSERT INTO `category` VALUES (21, '空调', '能吹大象', '1.jpg', 8, 0, 1);
INSERT INTO `category` VALUES (22, '洗衣机', '能洗大象', '1.jpg', 8, 0, 1);
INSERT INTO `category` VALUES (23, '油烟机', '能抽大象', '1.jpg', 8, 0, 1);
INSERT INTO `category` VALUES (24, '热水器', '能烧大象', '1.jpg', 8, 0, 1);
INSERT INTO `category` VALUES (25, '智能手表', '能装大象', '1.jpg', 9, 0, 1);
INSERT INTO `category` VALUES (26, '智能手环', '能吹大象', '1.jpg', 9, 0, 1);
INSERT INTO `category` VALUES (27, '健康手表', '能洗大象', '1.jpg', 9, 0, 1);
INSERT INTO `category` VALUES (28, '有线路由', '能抽大象', '1.jpg', 10, 0, 1);
INSERT INTO `category` VALUES (29, '无线路由', '能烧大象', '1.jpg', 10, 0, 1);
INSERT INTO `category` VALUES (30, '智能AP', '能抽大象', '1.jpg', 10, 0, 1);
INSERT INTO `category` VALUES (31, '桥接放大', '能烧大象', '1.jpg', 10, 0, 1);
INSERT INTO `category` VALUES (32, '汽车', '带轮子会跑的铁盒盒', '1.jpg', 0, 0, 0);
INSERT INTO `category` VALUES (33, '飞机', '带翅膀会飞的铁棒棒', '1.jpg', 0, 0, 0);
INSERT INTO `category` VALUES (34, '坦克', '皮很厚的铁盒盒', '1.jpg', 32, 1, 1);
INSERT INTO `category` VALUES (35, '轮船', '可以浮在水里的铁盒盒', '1.jpg', 32, 0, 1);

-- ----------------------------
-- Table structure for collect
-- ----------------------------
DROP TABLE IF EXISTS `collect`;
CREATE TABLE `collect`  (
  `id` int NOT NULL AUTO_INCREMENT,
  `goods_id` int NOT NULL COMMENT '收藏商品的ID',
  `user_id` int NOT NULL COMMENT '用户的ID',
  `create_time` timestamp NOT NULL DEFAULT CURRENT_TIMESTAMP COMMENT '收藏时间',
  PRIMARY KEY (`id`) USING BTREE
) ENGINE = InnoDB AUTO_INCREMENT = 23 CHARACTER SET = utf8mb3 COLLATE = utf8mb3_general_ci ROW_FORMAT = DYNAMIC;

-- ----------------------------
-- Records of collect
-- ----------------------------
INSERT INTO `collect` VALUES (11, 280, 1, '2024-10-16 11:24:52');
INSERT INTO `collect` VALUES (13, 375, 1, '2024-10-16 11:24:58');
INSERT INTO `collect` VALUES (14, 250, 1, '2024-10-16 11:25:01');
INSERT INTO `collect` VALUES (15, 405, 1, '2024-10-16 11:25:04');
INSERT INTO `collect` VALUES (16, 70, 1, '2024-10-16 11:49:57');
INSERT INTO `collect` VALUES (17, 135, 1, '2024-10-16 11:50:03');
INSERT INTO `collect` VALUES (18, 290, 1, '2024-10-16 11:50:06');
INSERT INTO `collect` VALUES (19, 385, 1, '2024-10-16 11:50:14');
INSERT INTO `collect` VALUES (20, 285, 1, '2024-10-16 16:02:30');
INSERT INTO `collect` VALUES (21, 345, 1, '2024-10-16 16:02:40');

-- ----------------------------
-- Table structure for comment
-- ----------------------------
DROP TABLE IF EXISTS `comment`;
CREATE TABLE `comment`  (
  `id` int NOT NULL,
  `type` int NOT NULL COMMENT '0:评价，1-追究评',
  `parent_id` int NOT NULL COMMENT '上级评价ID， 0：没有上级',
  `goods_id` int NOT NULL COMMENT '评价的商品ID',
  `user_id` int NOT NULL COMMENT '用户',
  `score` float(3, 2) NOT NULL COMMENT '评分',
  `content` text CHARACTER SET utf8mb3 COLLATE utf8mb3_general_ci NOT NULL COMMENT '内容',
  `create_time` timestamp NOT NULL DEFAULT CURRENT_TIMESTAMP COMMENT '创建时间',
  `update_time` timestamp NOT NULL DEFAULT '0000-00-00 00:00:00' COMMENT '更新时间',
  `status` int NOT NULL DEFAULT 0 COMMENT '0-实名，1-匿名',
  PRIMARY KEY (`id`) USING BTREE
) ENGINE = InnoDB CHARACTER SET = utf8mb3 COLLATE = utf8mb3_general_ci ROW_FORMAT = DYNAMIC;

-- ----------------------------
-- Records of comment
-- ----------------------------

-- ----------------------------
-- Table structure for goods
-- ----------------------------
DROP TABLE IF EXISTS `goods`;
CREATE TABLE `goods`  (
  `id` int NOT NULL AUTO_INCREMENT,
  `name` varchar(255) CHARACTER SET utf8mb3 COLLATE utf8mb3_general_ci NOT NULL COMMENT '商品名',
  `dscp` varchar(255) CHARACTER SET utf8mb3 COLLATE utf8mb3_general_ci NOT NULL COMMENT '描述',
  `detail` text CHARACTER SET utf8mb3 COLLATE utf8mb3_general_ci NULL COMMENT '详情',
  `price` decimal(10, 2) UNSIGNED NOT NULL COMMENT '卖价',
  `mark_price` decimal(10, 2) UNSIGNED NOT NULL COMMENT '标价',
  `purchase_price` decimal(10, 2) NOT NULL COMMENT '进价',
  `color` varchar(16) CHARACTER SET utf8mb3 COLLATE utf8mb3_general_ci NOT NULL,
  `version` varchar(16) CHARACTER SET utf8mb3 COLLATE utf8mb3_general_ci NOT NULL,
  `count` int UNSIGNED NOT NULL DEFAULT 0,
  `recom` int NOT NULL DEFAULT 0 COMMENT '0:不推荐 1：推荐',
  `category_id` int NOT NULL,
  `score` float(3, 1) NOT NULL DEFAULT 0.0 COMMENT '评分',
  `status` int NOT NULL DEFAULT 0 COMMENT '0: 上架 1:下架',
  PRIMARY KEY (`id`) USING BTREE
) ENGINE = InnoDB AUTO_INCREMENT = 506 CHARACTER SET = utf8mb3 COLLATE = utf8mb3_general_ci ROW_FORMAT = DYNAMIC;

-- ----------------------------
-- Records of goods
-- ----------------------------
INSERT INTO `goods` VALUES (1, '华为nova 12 pro1', '华为nova 12 pro', '<p>2222222222233333333333333333</p><p><img src=\"http://localhost:80/goods/pic/1.jpg;\" alt=\"\" data-href=\"\" style=\"width: 249.00px;height: 249.00px;\"/><img src=\"http://localhost:80/goods/pic/3.jpg;\" alt=\"\" data-href=\"\" style=\"width: 249.00px;height: 249.00px;\"/></p>', 3025.00, 3681.00, 2537.00, '曜金黑', '512G', 20, 1, 3, 4.3, 0);
INSERT INTO `goods` VALUES (2, '诺基亚老人机2', '诺基亚老人机', '<p>2222222222233333333333333333</p><p><img src=\"http://localhost:80/goods/pic/1.jpg;\" alt=\"\" data-href=\"\" style=\"width: 249.00px;height: 249.00px;\"/><img src=\"http://localhost:80/goods/pic/3.jpg;\" alt=\"\" data-href=\"\" style=\"width: 249.00px;height: 249.00px;\"/></p>', 4184.00, 4782.00, 3563.00, '老人最喜欢的颜色', '12G+512G', 20, 1, 3, 4.3, 0);
INSERT INTO `goods` VALUES (3, '海尔智能AI电视机3', '海尔智能AI电视机', '<p>2222222222233333333333333333</p><p><img src=\"http://localhost:80/goods/pic/1.jpg;\" alt=\"\" data-href=\"\" style=\"width: 249.00px;height: 249.00px;\"/><img src=\"http://localhost:80/goods/pic/3.jpg;\" alt=\"\" data-href=\"\" style=\"width: 249.00px;height: 249.00px;\"/></p>', 5054.00, 5532.00, 4205.00, '会说话的颜色', '会讲普通话', 20, 1, 4, 4.3, 0);
INSERT INTO `goods` VALUES (4, '华为Meta 44', '华为Meta 4', '<p>2222222222233333333333333333</p><p><img src=\"http://localhost:80/goods/pic/1.jpg;\" alt=\"\" data-href=\"\" style=\"width: 249.00px;height: 249.00px;\"/><img src=\"http://localhost:80/goods/pic/3.jpg;\" alt=\"\" data-href=\"\" style=\"width: 249.00px;height: 249.00px;\"/></p>', 6095.00, 6418.00, 5514.00, '12号色', '512G', 20, 1, 5, 4.3, 0);
INSERT INTO `goods` VALUES (5, '华为Meta 55', '华为Meta 5', '<p>2222222222233333333333333333</p><p><img src=\"http://localhost:80/goods/pic/1.jpg;\" alt=\"\" data-href=\"\" style=\"width: 249.00px;height: 249.00px;\"/><img src=\"http://localhost:80/goods/pic/3.jpg;\" alt=\"\" data-href=\"\" style=\"width: 249.00px;height: 249.00px;\"/></p>', 2011.00, 2464.00, 1494.00, '12号色', '512G', 20, 0, 14, 4.3, 1);
INSERT INTO `goods` VALUES (6, '华为Meta 66', '华为Meta 6', '<p>2222222222233333333333333333</p><p><img src=\"http://localhost:80/goods/pic/1.jpg;\" alt=\"\" data-href=\"\" style=\"width: 249.00px;height: 249.00px;\"/><img src=\"http://localhost:80/goods/pic/3.jpg;\" alt=\"\" data-href=\"\" style=\"width: 249.00px;height: 249.00px;\"/></p>', 3336.00, 3573.00, 2565.00, '12号色', '512G', 20, 1, 3, 4.3, 0);
INSERT INTO `goods` VALUES (7, '华为Meta 77', '华为Meta 7', '<p>2222222222233333333333333333</p><p><img src=\"http://localhost:80/goods/pic/1.jpg;\" alt=\"\" data-href=\"\" style=\"width: 249.00px;height: 249.00px;\"/><img src=\"http://localhost:80/goods/pic/3.jpg;\" alt=\"\" data-href=\"\" style=\"width: 249.00px;height: 249.00px;\"/></p>', 4164.00, 4635.00, 3388.00, '12号色', '512G', 20, 1, 17, 4.3, 0);
INSERT INTO `goods` VALUES (8, '华为Meta 88', '华为Meta 8', '<p>2222222222233333333333333333</p><p><img src=\"http://localhost:80/goods/pic/1.jpg;\" alt=\"\" data-href=\"\" style=\"width: 249.00px;height: 249.00px;\"/><img src=\"http://localhost:80/goods/pic/3.jpg;\" alt=\"\" data-href=\"\" style=\"width: 249.00px;height: 249.00px;\"/></p>', 5120.00, 5489.00, 4291.00, '12号色', '512G', 20, 1, 20, 4.3, 0);
INSERT INTO `goods` VALUES (9, '华为Meta 919', '华为Meta 91', '<p>2222222222233333333333333333</p><p><img src=\"http://localhost:80/goods/pic/1.jpg;\" alt=\"\" data-href=\"\" style=\"width: 249.00px;height: 249.00px;\"/><img src=\"http://localhost:80/goods/pic/3.jpg;\" alt=\"\" data-href=\"\" style=\"width: 249.00px;height: 249.00px;\"/></p>', 6008.00, 6500.00, 5682.00, '12号色', '512G', 20, 1, 3, 4.3, 0);
INSERT INTO `goods` VALUES (10, '华为Meta 1010', '华为Meta 10', '<p>2222222222233333333333333333</p><p><img src=\"http://localhost:80/goods/pic/1.jpg;\" alt=\"\" data-href=\"\" style=\"width: 249.00px;height: 249.00px;\"/><img src=\"http://localhost:80/goods/pic/3.jpg;\" alt=\"\" data-href=\"\" style=\"width: 249.00px;height: 249.00px;\"/></p>', 2269.00, 2868.00, 1241.00, '12号色', '512G', 20, 1, 11, 4.3, 1);
INSERT INTO `goods` VALUES (11, '华为nova 12 pro11', '华为nova 12 pro', '<p>2222222222233333333333333333</p><p><img src=\"http://localhost:80/goods/pic/1.jpg;\" alt=\"\" data-href=\"\" style=\"width: 249.00px;height: 249.00px;\"/><img src=\"http://localhost:80/goods/pic/3.jpg;\" alt=\"\" data-href=\"\" style=\"width: 249.00px;height: 249.00px;\"/></p>', 3297.00, 3793.00, 2283.00, '曜金黑', '512G', 20, 1, 12, 4.3, 0);
INSERT INTO `goods` VALUES (12, '诺基亚老人机12', '诺基亚老人机', '<p>2222222222233333333333333333</p><p><img src=\"http://localhost:80/goods/pic/1.jpg;\" alt=\"\" data-href=\"\" style=\"width: 249.00px;height: 249.00px;\"/><img src=\"http://localhost:80/goods/pic/3.jpg;\" alt=\"\" data-href=\"\" style=\"width: 249.00px;height: 249.00px;\"/></p>', 4227.00, 4474.00, 3399.00, '老人最喜欢的颜色', '12G+512G', 20, 1, 13, 4.3, 0);
INSERT INTO `goods` VALUES (13, '海尔智能AI电视机13', '海尔智能AI电视机', '<p>2222222222233333333333333333</p><p><img src=\"http://localhost:80/goods/pic/1.jpg;\" alt=\"\" data-href=\"\" style=\"width: 249.00px;height: 249.00px;\"/><img src=\"http://localhost:80/goods/pic/3.jpg;\" alt=\"\" data-href=\"\" style=\"width: 249.00px;height: 249.00px;\"/></p>', 5183.00, 5544.00, 4380.00, '会说话的颜色', '会讲普通话', 20, 1, 14, 4.3, 0);
INSERT INTO `goods` VALUES (14, '华为Meta 1414', '华为Meta 14', '<p>2222222222233333333333333333</p><p><img src=\"http://localhost:80/goods/pic/1.jpg;\" alt=\"\" data-href=\"\" style=\"width: 249.00px;height: 249.00px;\"/><img src=\"http://localhost:80/goods/pic/3.jpg;\" alt=\"\" data-href=\"\" style=\"width: 249.00px;height: 249.00px;\"/></p>', 6105.00, 6483.00, 5306.00, '12号色', '512G', 20, 1, 15, 4.3, 0);
INSERT INTO `goods` VALUES (15, '华为Meta 1515', '华为Meta 15', '<p>2222222222233333333333333333</p><p><img src=\"http://localhost:80/goods/pic/1.jpg;\" alt=\"\" data-href=\"\" style=\"width: 249.00px;height: 249.00px;\"/><img src=\"http://localhost:80/goods/pic/3.jpg;\" alt=\"\" data-href=\"\" style=\"width: 249.00px;height: 249.00px;\"/></p>', 2291.00, 2737.00, 1519.00, '12号色', '512G', 20, 0, 16, 4.3, 1);
INSERT INTO `goods` VALUES (16, '华为Meta 1616', '华为Meta 16', '<p>2222222222233333333333333333</p><p><img src=\"http://localhost:80/goods/pic/1.jpg;\" alt=\"\" data-href=\"\" style=\"width: 249.00px;height: 249.00px;\"/><img src=\"http://localhost:80/goods/pic/3.jpg;\" alt=\"\" data-href=\"\" style=\"width: 249.00px;height: 249.00px;\"/></p>', 3228.00, 3793.00, 2491.00, '12号色', '512G', 20, 1, 17, 4.3, 0);
INSERT INTO `goods` VALUES (17, '华为Meta 1717', '华为Meta 17', '<p>2222222222233333333333333333</p><p><img src=\"http://localhost:80/goods/pic/1.jpg;\" alt=\"\" data-href=\"\" style=\"width: 249.00px;height: 249.00px;\"/><img src=\"http://localhost:80/goods/pic/3.jpg;\" alt=\"\" data-href=\"\" style=\"width: 249.00px;height: 249.00px;\"/></p>', 4263.00, 4623.00, 3533.00, '12号色', '512G', 20, 1, 18, 4.3, 0);
INSERT INTO `goods` VALUES (18, '华为Meta 1818', '华为Meta 18', '<p>2222222222233333333333333333</p><p><img src=\"http://localhost:80/goods/pic/1.jpg;\" alt=\"\" data-href=\"\" style=\"width: 249.00px;height: 249.00px;\"/><img src=\"http://localhost:80/goods/pic/3.jpg;\" alt=\"\" data-href=\"\" style=\"width: 249.00px;height: 249.00px;\"/></p>', 5459.00, 5660.00, 4628.00, '12号色', '512G', 20, 1, 19, 4.3, 0);
INSERT INTO `goods` VALUES (19, '【4090显卡】ROG全家桶 14代i9主机14900KS/RTX4090猛禽显卡黑神话悟空电竞游戏DIY组装电脑主机创世神机箱19', '华为（HUAWEI） Mate X5 典藏版 折叠屏手机 16GB+512GB 幻影紫', '<p>2222222222233333333333333333</p><p><img src=\"http://localhost:80/goods/pic/1.jpg;\" alt=\"\" data-href=\"\" style=\"width: 249.00px;height: 249.00px;\"/><img src=\"http://localhost:80/goods/pic/3.jpg;\" alt=\"\" data-href=\"\" style=\"width: 249.00px;height: 249.00px;\"/></p>', 6275.00, 6457.00, 5670.00, '12号色', '12G+512G 典藏版', 20, 1, 20, 4.3, 1);
INSERT INTO `goods` VALUES (20, '华为Meta 2020', '华为Meta 20', '<p>2222222222233333333333333333</p><p><img src=\"http://localhost:80/goods/pic/1.jpg;\" alt=\"\" data-href=\"\" style=\"width: 249.00px;height: 249.00px;\"/><img src=\"http://localhost:80/goods/pic/3.jpg;\" alt=\"\" data-href=\"\" style=\"width: 249.00px;height: 249.00px;\"/></p>', 2079.00, 2839.00, 1663.00, '12号色', '512G', 20, 1, 21, 4.3, 1);
INSERT INTO `goods` VALUES (26, '华为nova 12 pro26', '华为nova 12 pro', '<p>2222222222233333333333333333</p><p><img src=\"http://localhost:80/goods/pic/1.jpg;\" alt=\"\" data-href=\"\" style=\"width: 249.00px;height: 249.00px;\"/><img src=\"http://localhost:80/goods/pic/3.jpg;\" alt=\"\" data-href=\"\" style=\"width: 249.00px;height: 249.00px;\"/></p>', 3266.00, 3862.00, 2217.00, '曜金黑', '512G', 20, 1, 27, 4.3, 0);
INSERT INTO `goods` VALUES (27, '诺基亚老人机27', '诺基亚老人机', '<p>2222222222233333333333333333</p><p><img src=\"http://localhost:80/goods/pic/1.jpg;\" alt=\"\" data-href=\"\" style=\"width: 249.00px;height: 249.00px;\"/><img src=\"http://localhost:80/goods/pic/3.jpg;\" alt=\"\" data-href=\"\" style=\"width: 249.00px;height: 249.00px;\"/></p>', 4487.00, 4838.00, 3439.00, '老人最喜欢的颜色', '12G+512G', 20, 1, 28, 4.3, 0);
INSERT INTO `goods` VALUES (28, '海尔智能AI电视机28', '海尔智能AI电视机', '<p>2222222222233333333333333333</p><p><img src=\"http://localhost:80/goods/pic/1.jpg;\" alt=\"\" data-href=\"\" style=\"width: 249.00px;height: 249.00px;\"/><img src=\"http://localhost:80/goods/pic/3.jpg;\" alt=\"\" data-href=\"\" style=\"width: 249.00px;height: 249.00px;\"/></p>', 5355.00, 5894.00, 4613.00, '会说话的颜色', '会讲普通话', 20, 1, 29, 4.3, 0);
INSERT INTO `goods` VALUES (29, '华为Meta 2929', '华为Meta 29', '<p>2222222222233333333333333333</p><p><img src=\"http://localhost:80/goods/pic/1.jpg;\" alt=\"\" data-href=\"\" style=\"width: 249.00px;height: 249.00px;\"/><img src=\"http://localhost:80/goods/pic/3.jpg;\" alt=\"\" data-href=\"\" style=\"width: 249.00px;height: 249.00px;\"/></p>', 6171.00, 6848.00, 5432.00, '12号色', '512G', 20, 1, 30, 4.3, 0);
INSERT INTO `goods` VALUES (30, '华为Meta 3030', '华为Meta 30', '<p>2222222222233333333333333333</p><p><img src=\"http://localhost:80/goods/pic/1.jpg;\" alt=\"\" data-href=\"\" style=\"width: 249.00px;height: 249.00px;\"/><img src=\"http://localhost:80/goods/pic/3.jpg;\" alt=\"\" data-href=\"\" style=\"width: 249.00px;height: 249.00px;\"/></p>', 2494.00, 2483.00, 1639.00, '12号色', '512G', 20, 0, 31, 4.3, 1);
INSERT INTO `goods` VALUES (31, '华为Meta 3131', '华为Meta 31', '<p>2222222222233333333333333333</p><p><img src=\"http://localhost:80/goods/pic/1.jpg;\" alt=\"\" data-href=\"\" style=\"width: 249.00px;height: 249.00px;\"/><img src=\"http://localhost:80/goods/pic/3.jpg;\" alt=\"\" data-href=\"\" style=\"width: 249.00px;height: 249.00px;\"/></p>', 3192.00, 3814.00, 2201.00, '12号色', '512G', 20, 1, 3, 4.3, 0);
INSERT INTO `goods` VALUES (32, '华为Meta 3232', '华为Meta 32', '<p>2222222222233333333333333333</p><p><img src=\"http://localhost:80/goods/pic/1.jpg;\" alt=\"\" data-href=\"\" style=\"width: 249.00px;height: 249.00px;\"/><img src=\"http://localhost:80/goods/pic/3.jpg;\" alt=\"\" data-href=\"\" style=\"width: 249.00px;height: 249.00px;\"/></p>', 4374.00, 4556.00, 3363.00, '12号色', '512G', 20, 1, 3, 4.3, 0);
INSERT INTO `goods` VALUES (33, '华为Meta 3333', '华为Meta 33', '<p>2222222222233333333333333333</p><p><img src=\"http://localhost:80/goods/pic/1.jpg;\" alt=\"\" data-href=\"\" style=\"width: 249.00px;height: 249.00px;\"/><img src=\"http://localhost:80/goods/pic/3.jpg;\" alt=\"\" data-href=\"\" style=\"width: 249.00px;height: 249.00px;\"/></p>', 5074.00, 5533.00, 4651.00, '12号色', '512G', 20, 1, 3, 4.3, 0);
INSERT INTO `goods` VALUES (34, '华为Meta 3434', '华为Meta 34', '<p>2222222222233333333333333333</p><p><img src=\"http://localhost:80/goods/pic/1.jpg;\" alt=\"\" data-href=\"\" style=\"width: 249.00px;height: 249.00px;\"/><img src=\"http://localhost:80/goods/pic/3.jpg;\" alt=\"\" data-href=\"\" style=\"width: 249.00px;height: 249.00px;\"/></p>', 6311.00, 6761.00, 5580.00, '12号色', '512G', 20, 1, 4, 4.3, 0);
INSERT INTO `goods` VALUES (35, '华为Meta 3535', '华为Meta 35', '<p>2222222222233333333333333333</p><p><img src=\"http://localhost:80/goods/pic/1.jpg;\" alt=\"\" data-href=\"\" style=\"width: 249.00px;height: 249.00px;\"/><img src=\"http://localhost:80/goods/pic/3.jpg;\" alt=\"\" data-href=\"\" style=\"width: 249.00px;height: 249.00px;\"/></p>', 2438.00, 2779.00, 1287.00, '12号色', '512G', 20, 1, 5, 4.3, 1);
INSERT INTO `goods` VALUES (36, '华为nova 12 pro36', '华为nova 12 pro', '<p>2222222222233333333333333333</p><p><img src=\"http://localhost:80/goods/pic/1.jpg;\" alt=\"\" data-href=\"\" style=\"width: 249.00px;height: 249.00px;\"/><img src=\"http://localhost:80/goods/pic/3.jpg;\" alt=\"\" data-href=\"\" style=\"width: 249.00px;height: 249.00px;\"/></p>', 3255.00, 3675.00, 2319.00, '曜金黑', '512G', 20, 1, 3, 4.3, 0);
INSERT INTO `goods` VALUES (37, '诺基亚老人机37', '诺基亚老人机', '<p>2222222222233333333333333333</p><p><img src=\"http://localhost:80/goods/pic/1.jpg;\" alt=\"\" data-href=\"\" style=\"width: 249.00px;height: 249.00px;\"/><img src=\"http://localhost:80/goods/pic/3.jpg;\" alt=\"\" data-href=\"\" style=\"width: 249.00px;height: 249.00px;\"/></p>', 4340.00, 4613.00, 3253.00, '老人最喜欢的颜色', '12G+512G', 20, 1, 3, 4.3, 0);
INSERT INTO `goods` VALUES (38, '海尔智能AI电视机38', '海尔智能AI电视机', '<p>2222222222233333333333333333</p><p><img src=\"http://localhost:80/goods/pic/1.jpg;\" alt=\"\" data-href=\"\" style=\"width: 249.00px;height: 249.00px;\"/><img src=\"http://localhost:80/goods/pic/3.jpg;\" alt=\"\" data-href=\"\" style=\"width: 249.00px;height: 249.00px;\"/></p>', 5348.00, 5792.00, 4623.00, '会说话的颜色', '会讲普通话', 20, 1, 3, 4.3, 0);
INSERT INTO `goods` VALUES (39, '华为Meta 3939', '华为Meta 39', '<p>2222222222233333333333333333</p><p><img src=\"http://localhost:80/goods/pic/1.jpg;\" alt=\"\" data-href=\"\" style=\"width: 249.00px;height: 249.00px;\"/><img src=\"http://localhost:80/goods/pic/3.jpg;\" alt=\"\" data-href=\"\" style=\"width: 249.00px;height: 249.00px;\"/></p>', 6312.00, 6820.00, 5371.00, '12号色', '512G', 20, 1, 3, 4.3, 0);
INSERT INTO `goods` VALUES (40, '华为Meta 4040', '华为Meta 40', '<p>2222222222233333333333333333</p><p><img src=\"http://localhost:80/goods/pic/1.jpg;\" alt=\"\" data-href=\"\" style=\"width: 249.00px;height: 249.00px;\"/><img src=\"http://localhost:80/goods/pic/3.jpg;\" alt=\"\" data-href=\"\" style=\"width: 249.00px;height: 249.00px;\"/></p>', 2289.00, 2589.00, 1283.00, '12号色', '512G', 18, 0, 3, 4.3, 1);
INSERT INTO `goods` VALUES (41, '华为Meta 4141', '华为Meta 41', '<p>2222222222233333333333333333</p><p><img src=\"http://localhost:80/goods/pic/1.jpg;\" alt=\"\" data-href=\"\" style=\"width: 249.00px;height: 249.00px;\"/><img src=\"http://localhost:80/goods/pic/3.jpg;\" alt=\"\" data-href=\"\" style=\"width: 249.00px;height: 249.00px;\"/></p>', 3263.00, 3859.00, 2214.00, '12号色', '512G', 20, 1, 11, 4.3, 0);
INSERT INTO `goods` VALUES (42, '华为Meta 4242', '华为Meta 42', '<p>2222222222233333333333333333</p><p><img src=\"http://localhost:80/goods/pic/1.jpg;\" alt=\"\" data-href=\"\" style=\"width: 249.00px;height: 249.00px;\"/><img src=\"http://localhost:80/goods/pic/3.jpg;\" alt=\"\" data-href=\"\" style=\"width: 249.00px;height: 249.00px;\"/></p>', 4121.00, 4847.00, 3581.00, '12号色', '512G', 20, 1, 12, 4.3, 0);
INSERT INTO `goods` VALUES (43, '华为Meta 4343', '华为Meta 43', '<p>2222222222233333333333333333</p><p><img src=\"http://localhost:80/goods/pic/1.jpg;\" alt=\"\" data-href=\"\" style=\"width: 249.00px;height: 249.00px;\"/><img src=\"http://localhost:80/goods/pic/3.jpg;\" alt=\"\" data-href=\"\" style=\"width: 249.00px;height: 249.00px;\"/></p>', 5431.00, 5788.00, 4353.00, '12号色', '512G', 20, 1, 13, 4.3, 0);
INSERT INTO `goods` VALUES (44, '华为Meta 4444', '华为Meta 44', '<p>2222222222233333333333333333</p><p><img src=\"http://localhost:80/goods/pic/1.jpg;\" alt=\"\" data-href=\"\" style=\"width: 249.00px;height: 249.00px;\"/><img src=\"http://localhost:80/goods/pic/3.jpg;\" alt=\"\" data-href=\"\" style=\"width: 249.00px;height: 249.00px;\"/></p>', 6088.00, 6829.00, 5590.00, '12号色', '512G', 20, 1, 14, 4.3, 0);
INSERT INTO `goods` VALUES (45, '华为Meta 4545', '华为Meta 45', '<p>2222222222233333333333333333</p><p><img src=\"http://localhost:80/goods/pic/1.jpg;\" alt=\"\" data-href=\"\" style=\"width: 249.00px;height: 249.00px;\"/><img src=\"http://localhost:80/goods/pic/3.jpg;\" alt=\"\" data-href=\"\" style=\"width: 249.00px;height: 249.00px;\"/></p>', 2341.00, 2860.00, 1482.00, '12号色', '512G', 20, 1, 15, 4.3, 1);
INSERT INTO `goods` VALUES (57, '华为nova 12 pro57', '华为nova 12 pro', '<p>2222222222233333333333333333</p><p><img src=\"http://localhost:80/goods/pic/1.jpg;\" alt=\"\" data-href=\"\" style=\"width: 249.00px;height: 249.00px;\"/><img src=\"http://localhost:80/goods/pic/3.jpg;\" alt=\"\" data-href=\"\" style=\"width: 249.00px;height: 249.00px;\"/></p>', 3025.00, 3681.00, 2537.00, '曜金黑', '512G', 20, 1, 27, 4.3, 0);
INSERT INTO `goods` VALUES (58, '诺基亚老人机58', '诺基亚老人机', '<p>2222222222233333333333333333</p><p><img src=\"http://localhost:80/goods/pic/1.jpg;\" alt=\"\" data-href=\"\" style=\"width: 249.00px;height: 249.00px;\"/><img src=\"http://localhost:80/goods/pic/3.jpg;\" alt=\"\" data-href=\"\" style=\"width: 249.00px;height: 249.00px;\"/></p>', 4184.00, 4782.00, 3563.00, '老人最喜欢的颜色', '12G+512G', 20, 1, 28, 4.3, 0);
INSERT INTO `goods` VALUES (59, '海尔智能AI电视机59', '海尔智能AI电视机', '<p>2222222222233333333333333333</p><p><img src=\"http://localhost:80/goods/pic/1.jpg;\" alt=\"\" data-href=\"\" style=\"width: 249.00px;height: 249.00px;\"/><img src=\"http://localhost:80/goods/pic/3.jpg;\" alt=\"\" data-href=\"\" style=\"width: 249.00px;height: 249.00px;\"/></p>', 5054.00, 5532.00, 4205.00, '会说话的颜色', '会讲普通话', 20, 1, 29, 4.3, 0);
INSERT INTO `goods` VALUES (60, '华为Meta 460', '华为Meta 4', '<p>2222222222233333333333333333</p><p><img src=\"http://localhost:80/goods/pic/1.jpg;\" alt=\"\" data-href=\"\" style=\"width: 249.00px;height: 249.00px;\"/><img src=\"http://localhost:80/goods/pic/3.jpg;\" alt=\"\" data-href=\"\" style=\"width: 249.00px;height: 249.00px;\"/></p>', 6095.00, 6418.00, 5514.00, '12号色', '512G', 20, 1, 30, 4.3, 1);
INSERT INTO `goods` VALUES (61, '华为Meta 561', '华为Meta 5', '<p>2222222222233333333333333333</p><p><img src=\"http://localhost:80/goods/pic/1.jpg;\" alt=\"\" data-href=\"\" style=\"width: 249.00px;height: 249.00px;\"/><img src=\"http://localhost:80/goods/pic/3.jpg;\" alt=\"\" data-href=\"\" style=\"width: 249.00px;height: 249.00px;\"/></p>', 2011.00, 2464.00, 1494.00, '12号色', '512G', 20, 0, 31, 4.3, 0);
INSERT INTO `goods` VALUES (62, '华为Meta 662', '华为Meta 6', '<p>2222222222233333333333333333</p><p><img src=\"http://localhost:80/goods/pic/1.jpg;\" alt=\"\" data-href=\"\" style=\"width: 249.00px;height: 249.00px;\"/><img src=\"http://localhost:80/goods/pic/3.jpg;\" alt=\"\" data-href=\"\" style=\"width: 249.00px;height: 249.00px;\"/></p>', 3336.00, 3573.00, 2565.00, '12号色', '512G', 20, 1, 3, 4.3, 0);
INSERT INTO `goods` VALUES (63, '华为Meta 763', '华为Meta 7', '<p>2222222222233333333333333333</p><p><img src=\"http://localhost:80/goods/pic/1.jpg;\" alt=\"\" data-href=\"\" style=\"width: 249.00px;height: 249.00px;\"/><img src=\"http://localhost:80/goods/pic/3.jpg;\" alt=\"\" data-href=\"\" style=\"width: 249.00px;height: 249.00px;\"/></p>', 4164.00, 4635.00, 3388.00, '12号色', '512G', 20, 1, 3, 4.3, 0);
INSERT INTO `goods` VALUES (64, '华为Meta 864', '华为Meta 8', '<p>2222222222233333333333333333</p><p><img src=\"http://localhost:80/goods/pic/1.jpg;\" alt=\"\" data-href=\"\" style=\"width: 249.00px;height: 249.00px;\"/><img src=\"http://localhost:80/goods/pic/3.jpg;\" alt=\"\" data-href=\"\" style=\"width: 249.00px;height: 249.00px;\"/></p>', 5120.00, 5489.00, 4291.00, '12号色', '512G', 20, 1, 3, 4.3, 0);
INSERT INTO `goods` VALUES (65, '华为Meta 9265', '华为Meta 92', '<p>2222222222233333333333333333</p><p><img src=\"http://localhost:80/goods/pic/1.jpg;\" alt=\"\" data-href=\"\" style=\"width: 249.00px;height: 249.00px;\"/><img src=\"http://localhost:80/goods/pic/3.jpg;\" alt=\"\" data-href=\"\" style=\"width: 249.00px;height: 249.00px;\"/></p>', 6008.00, 6500.00, 5682.00, '12号色', '512G', 17, 1, 4, 4.3, 1);
INSERT INTO `goods` VALUES (66, '华为Meta 1066', '华为Meta 10', '<p>2222222222233333333333333333</p><p><img src=\"http://localhost:80/goods/pic/1.jpg;\" alt=\"\" data-href=\"\" style=\"width: 249.00px;height: 249.00px;\"/><img src=\"http://localhost:80/goods/pic/3.jpg;\" alt=\"\" data-href=\"\" style=\"width: 249.00px;height: 249.00px;\"/></p>', 2269.00, 2868.00, 1241.00, '12号色', '512G', 20, 1, 5, 4.3, 0);
INSERT INTO `goods` VALUES (67, '华为nova 12 pro67', '华为nova 12 pro', '<p>2222222222233333333333333333</p><p><img src=\"http://localhost:80/goods/pic/1.jpg;\" alt=\"\" data-href=\"\" style=\"width: 249.00px;height: 249.00px;\"/><img src=\"http://localhost:80/goods/pic/3.jpg;\" alt=\"\" data-href=\"\" style=\"width: 249.00px;height: 249.00px;\"/></p>', 3297.00, 3793.00, 2283.00, '曜金黑', '512G', 20, 1, 3, 4.3, 0);
INSERT INTO `goods` VALUES (68, '诺基亚老人机68', '诺基亚老人机', '<p>2222222222233333333333333333</p><p><img src=\"http://localhost:80/goods/pic/1.jpg;\" alt=\"\" data-href=\"\" style=\"width: 249.00px;height: 249.00px;\"/><img src=\"http://localhost:80/goods/pic/3.jpg;\" alt=\"\" data-href=\"\" style=\"width: 249.00px;height: 249.00px;\"/></p>', 4227.00, 4474.00, 3399.00, '老人最喜欢的颜色', '12G+512G', 20, 1, 3, 4.3, 0);
INSERT INTO `goods` VALUES (69, '海尔智能AI电视机69', '海尔智能AI电视机', '<p>2222222222233333333333333333</p><p><img src=\"http://localhost:80/goods/pic/1.jpg;\" alt=\"\" data-href=\"\" style=\"width: 249.00px;height: 249.00px;\"/><img src=\"http://localhost:80/goods/pic/3.jpg;\" alt=\"\" data-href=\"\" style=\"width: 249.00px;height: 249.00px;\"/></p>', 5183.00, 5544.00, 4380.00, '会说话的颜色', '会讲普通话', 20, 1, 3, 4.3, 0);
INSERT INTO `goods` VALUES (70, '华为Meta 1470', '华为Meta 14', '<p>2222222222233333333333333333</p><p><img src=\"http://localhost:80/goods/pic/1.jpg;\" alt=\"\" data-href=\"\" style=\"width: 249.00px;height: 249.00px;\"/><img src=\"http://localhost:80/goods/pic/3.jpg;\" alt=\"\" data-href=\"\" style=\"width: 249.00px;height: 249.00px;\"/></p>', 6105.00, 6483.00, 5306.00, '12号色', '512G', 19, 1, 3, 4.3, 1);
INSERT INTO `goods` VALUES (71, '华为Meta 1571', '华为Meta 15', '<p>2222222222233333333333333333</p><p><img src=\"http://localhost:80/goods/pic/1.jpg;\" alt=\"\" data-href=\"\" style=\"width: 249.00px;height: 249.00px;\"/><img src=\"http://localhost:80/goods/pic/3.jpg;\" alt=\"\" data-href=\"\" style=\"width: 249.00px;height: 249.00px;\"/></p>', 2291.00, 2737.00, 1519.00, '12号色', '512G', 20, 0, 3, 4.3, 0);
INSERT INTO `goods` VALUES (72, '华为Meta 1672', '华为Meta 16', '<p>2222222222233333333333333333</p><p><img src=\"http://localhost:80/goods/pic/1.jpg;\" alt=\"\" data-href=\"\" style=\"width: 249.00px;height: 249.00px;\"/><img src=\"http://localhost:80/goods/pic/3.jpg;\" alt=\"\" data-href=\"\" style=\"width: 249.00px;height: 249.00px;\"/></p>', 3228.00, 3793.00, 2491.00, '12号色', '512G', 20, 1, 11, 4.3, 0);
INSERT INTO `goods` VALUES (73, '华为Meta 1773', '华为Meta 17', '<p>2222222222233333333333333333</p><p><img src=\"http://localhost:80/goods/pic/1.jpg;\" alt=\"\" data-href=\"\" style=\"width: 249.00px;height: 249.00px;\"/><img src=\"http://localhost:80/goods/pic/3.jpg;\" alt=\"\" data-href=\"\" style=\"width: 249.00px;height: 249.00px;\"/></p>', 4263.00, 4623.00, 3533.00, '12号色', '512G', 20, 1, 12, 4.3, 0);
INSERT INTO `goods` VALUES (74, '华为Meta 1874', '华为Meta 18', '<p>2222222222233333333333333333</p><p><img src=\"http://localhost:80/goods/pic/1.jpg;\" alt=\"\" data-href=\"\" style=\"width: 249.00px;height: 249.00px;\"/><img src=\"http://localhost:80/goods/pic/3.jpg;\" alt=\"\" data-href=\"\" style=\"width: 249.00px;height: 249.00px;\"/></p>', 5459.00, 5660.00, 4628.00, '12号色', '512G', 20, 1, 13, 4.3, 0);
INSERT INTO `goods` VALUES (75, '华为Meta 1975', '华为Meta 19', '<p>2222222222233333333333333333</p><p><img src=\"http://localhost:80/goods/pic/1.jpg;\" alt=\"\" data-href=\"\" style=\"width: 249.00px;height: 249.00px;\"/><img src=\"http://localhost:80/goods/pic/3.jpg;\" alt=\"\" data-href=\"\" style=\"width: 249.00px;height: 249.00px;\"/></p>', 6275.00, 6457.00, 5670.00, '12号色', '512G', 20, 1, 14, 4.3, 1);
INSERT INTO `goods` VALUES (76, '华为Meta 2076', '华为Meta 20', '<p>2222222222233333333333333333</p><p><img src=\"http://localhost:80/goods/pic/1.jpg;\" alt=\"\" data-href=\"\" style=\"width: 249.00px;height: 249.00px;\"/><img src=\"http://localhost:80/goods/pic/3.jpg;\" alt=\"\" data-href=\"\" style=\"width: 249.00px;height: 249.00px;\"/></p>', 2079.00, 2839.00, 1663.00, '12号色', '512G', 20, 1, 15, 4.3, 0);
INSERT INTO `goods` VALUES (77, '华为nova 12 pro77', '华为nova 12 pro', '<p>2222222222233333333333333333</p><p><img src=\"http://localhost:80/goods/pic/1.jpg;\" alt=\"\" data-href=\"\" style=\"width: 249.00px;height: 249.00px;\"/><img src=\"http://localhost:80/goods/pic/3.jpg;\" alt=\"\" data-href=\"\" style=\"width: 249.00px;height: 249.00px;\"/></p>', 3266.00, 3862.00, 2217.00, '曜金黑', '512G', 20, 1, 16, 4.3, 0);
INSERT INTO `goods` VALUES (78, '诺基亚老人机78', '诺基亚老人机', '<p>2222222222233333333333333333</p><p><img src=\"http://localhost:80/goods/pic/1.jpg;\" alt=\"\" data-href=\"\" style=\"width: 249.00px;height: 249.00px;\"/><img src=\"http://localhost:80/goods/pic/3.jpg;\" alt=\"\" data-href=\"\" style=\"width: 249.00px;height: 249.00px;\"/></p>', 4487.00, 4838.00, 3439.00, '老人最喜欢的颜色', '12G+512G', 20, 1, 17, 4.3, 0);
INSERT INTO `goods` VALUES (79, '海尔智能AI电视机79', '海尔智能AI电视机', '<p>2222222222233333333333333333</p><p><img src=\"http://localhost:80/goods/pic/1.jpg;\" alt=\"\" data-href=\"\" style=\"width: 249.00px;height: 249.00px;\"/><img src=\"http://localhost:80/goods/pic/3.jpg;\" alt=\"\" data-href=\"\" style=\"width: 249.00px;height: 249.00px;\"/></p>', 5355.00, 5894.00, 4613.00, '会说话的颜色', '会讲普通话', 20, 1, 18, 4.3, 0);
INSERT INTO `goods` VALUES (80, '华为Meta 2980', '华为Meta 29', '<p>2222222222233333333333333333</p><p><img src=\"http://localhost:80/goods/pic/1.jpg;\" alt=\"\" data-href=\"\" style=\"width: 249.00px;height: 249.00px;\"/><img src=\"http://localhost:80/goods/pic/3.jpg;\" alt=\"\" data-href=\"\" style=\"width: 249.00px;height: 249.00px;\"/></p>', 6171.00, 6848.00, 5432.00, '12号色', '512G', 20, 1, 19, 4.3, 1);
INSERT INTO `goods` VALUES (81, '华为Meta 3081', '华为Meta 30', '<p>2222222222233333333333333333</p><p><img src=\"http://localhost:80/goods/pic/1.jpg;\" alt=\"\" data-href=\"\" style=\"width: 249.00px;height: 249.00px;\"/><img src=\"http://localhost:80/goods/pic/3.jpg;\" alt=\"\" data-href=\"\" style=\"width: 249.00px;height: 249.00px;\"/></p>', 2494.00, 2483.00, 1639.00, '12号色', '512G', 20, 0, 20, 4.3, 0);
INSERT INTO `goods` VALUES (82, '华为Meta 3182', '华为Meta 31', '<p>2222222222233333333333333333</p><p><img src=\"http://localhost:80/goods/pic/1.jpg;\" alt=\"\" data-href=\"\" style=\"width: 249.00px;height: 249.00px;\"/><img src=\"http://localhost:80/goods/pic/3.jpg;\" alt=\"\" data-href=\"\" style=\"width: 249.00px;height: 249.00px;\"/></p>', 3192.00, 3814.00, 2201.00, '12号色', '512G', 20, 1, 21, 4.3, 0);
INSERT INTO `goods` VALUES (83, '华为Meta 3283', '华为Meta 32', '<p>2222222222233333333333333333</p><p><img src=\"http://localhost:80/goods/pic/1.jpg;\" alt=\"\" data-href=\"\" style=\"width: 249.00px;height: 249.00px;\"/><img src=\"http://localhost:80/goods/pic/3.jpg;\" alt=\"\" data-href=\"\" style=\"width: 249.00px;height: 249.00px;\"/></p>', 4374.00, 4556.00, 3363.00, '12号色', '512G', 20, 1, 22, 4.3, 0);
INSERT INTO `goods` VALUES (84, '华为Meta 3384', '华为Meta 33', '<p>2222222222233333333333333333</p><p><img src=\"http://localhost:80/goods/pic/1.jpg;\" alt=\"\" data-href=\"\" style=\"width: 249.00px;height: 249.00px;\"/><img src=\"http://localhost:80/goods/pic/3.jpg;\" alt=\"\" data-href=\"\" style=\"width: 249.00px;height: 249.00px;\"/></p>', 5074.00, 5533.00, 4651.00, '12号色', '512G', 20, 1, 23, 4.3, 0);
INSERT INTO `goods` VALUES (85, '华为Meta 3485', '华为Meta 34', '<p>2222222222233333333333333333</p><p><img src=\"http://localhost:80/goods/pic/1.jpg;\" alt=\"\" data-href=\"\" style=\"width: 249.00px;height: 249.00px;\"/><img src=\"http://localhost:80/goods/pic/3.jpg;\" alt=\"\" data-href=\"\" style=\"width: 249.00px;height: 249.00px;\"/></p>', 6311.00, 6761.00, 5580.00, '12号色', '512G', 20, 1, 24, 4.3, 1);
INSERT INTO `goods` VALUES (86, '华为Meta 3586', '华为Meta 35', '<p>2222222222233333333333333333</p><p><img src=\"http://localhost:80/goods/pic/1.jpg;\" alt=\"\" data-href=\"\" style=\"width: 249.00px;height: 249.00px;\"/><img src=\"http://localhost:80/goods/pic/3.jpg;\" alt=\"\" data-href=\"\" style=\"width: 249.00px;height: 249.00px;\"/></p>', 2438.00, 2779.00, 1287.00, '12号色', '512G', 20, 1, 25, 4.3, 0);
INSERT INTO `goods` VALUES (87, '华为nova 12 pro87', '华为nova 12 pro', '<p>2222222222233333333333333333</p><p><img src=\"http://localhost:80/goods/pic/1.jpg;\" alt=\"\" data-href=\"\" style=\"width: 249.00px;height: 249.00px;\"/><img src=\"http://localhost:80/goods/pic/3.jpg;\" alt=\"\" data-href=\"\" style=\"width: 249.00px;height: 249.00px;\"/></p>', 3255.00, 3675.00, 2319.00, '曜金黑', '512G', 20, 1, 26, 4.3, 0);
INSERT INTO `goods` VALUES (88, '诺基亚老人机88', '诺基亚老人机', '<p>2222222222233333333333333333</p><p><img src=\"http://localhost:80/goods/pic/1.jpg;\" alt=\"\" data-href=\"\" style=\"width: 249.00px;height: 249.00px;\"/><img src=\"http://localhost:80/goods/pic/3.jpg;\" alt=\"\" data-href=\"\" style=\"width: 249.00px;height: 249.00px;\"/></p>', 4340.00, 4613.00, 3253.00, '老人最喜欢的颜色', '12G+512G', 20, 1, 27, 4.3, 0);
INSERT INTO `goods` VALUES (89, '海尔智能AI电视机89', '海尔智能AI电视机', '<p>2222222222233333333333333333</p><p><img src=\"http://localhost:80/goods/pic/1.jpg;\" alt=\"\" data-href=\"\" style=\"width: 249.00px;height: 249.00px;\"/><img src=\"http://localhost:80/goods/pic/3.jpg;\" alt=\"\" data-href=\"\" style=\"width: 249.00px;height: 249.00px;\"/></p>', 5348.00, 5792.00, 4623.00, '会说话的颜色', '会讲普通话', 20, 1, 28, 4.3, 0);
INSERT INTO `goods` VALUES (90, '华为Meta 3990', '华为Meta 39', '<p>2222222222233333333333333333</p><p><img src=\"http://localhost:80/goods/pic/1.jpg;\" alt=\"\" data-href=\"\" style=\"width: 249.00px;height: 249.00px;\"/><img src=\"http://localhost:80/goods/pic/3.jpg;\" alt=\"\" data-href=\"\" style=\"width: 249.00px;height: 249.00px;\"/></p>', 6312.00, 6820.00, 5371.00, '12号色', '512G', 20, 1, 29, 4.3, 1);
INSERT INTO `goods` VALUES (91, '华为Meta 4091', '华为Meta 40', '<p>2222222222233333333333333333</p><p><img src=\"http://localhost:80/goods/pic/1.jpg;\" alt=\"\" data-href=\"\" style=\"width: 249.00px;height: 249.00px;\"/><img src=\"http://localhost:80/goods/pic/3.jpg;\" alt=\"\" data-href=\"\" style=\"width: 249.00px;height: 249.00px;\"/></p>', 2289.00, 2589.00, 1283.00, '12号色', '512G', 20, 0, 30, 4.3, 0);
INSERT INTO `goods` VALUES (92, '华为Meta 4192', '华为Meta 41', '<p>2222222222233333333333333333</p><p><img src=\"http://localhost:80/goods/pic/1.jpg;\" alt=\"\" data-href=\"\" style=\"width: 249.00px;height: 249.00px;\"/><img src=\"http://localhost:80/goods/pic/3.jpg;\" alt=\"\" data-href=\"\" style=\"width: 249.00px;height: 249.00px;\"/></p>', 3263.00, 3859.00, 2214.00, '12号色', '512G', 20, 1, 31, 4.3, 0);
INSERT INTO `goods` VALUES (93, '华为Meta 4293', '华为Meta 42', '<p>2222222222233333333333333333</p><p><img src=\"http://localhost:80/goods/pic/1.jpg;\" alt=\"\" data-href=\"\" style=\"width: 249.00px;height: 249.00px;\"/><img src=\"http://localhost:80/goods/pic/3.jpg;\" alt=\"\" data-href=\"\" style=\"width: 249.00px;height: 249.00px;\"/></p>', 4121.00, 4847.00, 3581.00, '12号色', '512G', 20, 1, 3, 4.3, 0);
INSERT INTO `goods` VALUES (94, '华为Meta 4394', '华为Meta 43', '<p>2222222222233333333333333333</p><p><img src=\"http://localhost:80/goods/pic/1.jpg;\" alt=\"\" data-href=\"\" style=\"width: 249.00px;height: 249.00px;\"/><img src=\"http://localhost:80/goods/pic/3.jpg;\" alt=\"\" data-href=\"\" style=\"width: 249.00px;height: 249.00px;\"/></p>', 5431.00, 5788.00, 4353.00, '12号色', '512G', 20, 1, 3, 4.3, 0);
INSERT INTO `goods` VALUES (95, '华为Meta 4495', '华为Meta 44', '<p>2222222222233333333333333333</p><p><img src=\"http://localhost:80/goods/pic/1.jpg;\" alt=\"\" data-href=\"\" style=\"width: 249.00px;height: 249.00px;\"/><img src=\"http://localhost:80/goods/pic/3.jpg;\" alt=\"\" data-href=\"\" style=\"width: 249.00px;height: 249.00px;\"/></p>', 6088.00, 6829.00, 5590.00, '12号色', '512G', 17, 1, 3, 4.3, 1);
INSERT INTO `goods` VALUES (96, '华为Meta 4596', '华为Meta 45', '<p>2222222222233333333333333333</p><p><img src=\"http://localhost:80/goods/pic/1.jpg;\" alt=\"\" data-href=\"\" style=\"width: 249.00px;height: 249.00px;\"/><img src=\"http://localhost:80/goods/pic/3.jpg;\" alt=\"\" data-href=\"\" style=\"width: 249.00px;height: 249.00px;\"/></p>', 2341.00, 2860.00, 1482.00, '12号色', '512G', 20, 1, 4, 4.3, 0);
INSERT INTO `goods` VALUES (120, '华为nova 12 pro120', '华为nova 12 pro', '<p>2222222222233333333333333333</p><p><img src=\"http://localhost:80/goods/pic/1.jpg;\" alt=\"\" data-href=\"\" style=\"width: 249.00px;height: 249.00px;\"/><img src=\"http://localhost:80/goods/pic/3.jpg;\" alt=\"\" data-href=\"\" style=\"width: 249.00px;height: 249.00px;\"/></p>', 3025.00, 3681.00, 2537.00, '曜金黑', '512G', 20, 1, 28, 4.3, 1);
INSERT INTO `goods` VALUES (121, '诺基亚老人机121', '诺基亚老人机', '<p>2222222222233333333333333333</p><p><img src=\"http://localhost:80/goods/pic/1.jpg;\" alt=\"\" data-href=\"\" style=\"width: 249.00px;height: 249.00px;\"/><img src=\"http://localhost:80/goods/pic/3.jpg;\" alt=\"\" data-href=\"\" style=\"width: 249.00px;height: 249.00px;\"/></p>', 4184.00, 4782.00, 3563.00, '老人最喜欢的颜色', '12G+512G', 20, 1, 29, 4.3, 0);
INSERT INTO `goods` VALUES (122, '海尔智能AI电视机122', '海尔智能AI电视机', '<p>2222222222233333333333333333</p><p><img src=\"http://localhost:80/goods/pic/1.jpg;\" alt=\"\" data-href=\"\" style=\"width: 249.00px;height: 249.00px;\"/><img src=\"http://localhost:80/goods/pic/3.jpg;\" alt=\"\" data-href=\"\" style=\"width: 249.00px;height: 249.00px;\"/></p>', 5054.00, 5532.00, 4205.00, '会说话的颜色', '会讲普通话', 20, 1, 30, 4.3, 0);
INSERT INTO `goods` VALUES (123, '华为Meta 4123', '华为Meta 4', '<p>2222222222233333333333333333</p><p><img src=\"http://localhost:80/goods/pic/1.jpg;\" alt=\"\" data-href=\"\" style=\"width: 249.00px;height: 249.00px;\"/><img src=\"http://localhost:80/goods/pic/3.jpg;\" alt=\"\" data-href=\"\" style=\"width: 249.00px;height: 249.00px;\"/></p>', 6095.00, 6418.00, 5514.00, '12号色', '512G', 20, 1, 31, 4.3, 0);
INSERT INTO `goods` VALUES (124, '华为Meta 5124', '华为Meta 5', '<p>2222222222233333333333333333</p><p><img src=\"http://localhost:80/goods/pic/1.jpg;\" alt=\"\" data-href=\"\" style=\"width: 249.00px;height: 249.00px;\"/><img src=\"http://localhost:80/goods/pic/3.jpg;\" alt=\"\" data-href=\"\" style=\"width: 249.00px;height: 249.00px;\"/></p>', 2011.00, 2464.00, 1494.00, '12号色', '512G', 20, 0, 3, 4.3, 0);
INSERT INTO `goods` VALUES (125, '华为Meta 6125', '华为Meta 6', '<p>2222222222233333333333333333</p><p><img src=\"http://localhost:80/goods/pic/1.jpg;\" alt=\"\" data-href=\"\" style=\"width: 249.00px;height: 249.00px;\"/><img src=\"http://localhost:80/goods/pic/3.jpg;\" alt=\"\" data-href=\"\" style=\"width: 249.00px;height: 249.00px;\"/></p>', 3336.00, 3573.00, 2565.00, '12号色', '512G', 19, 1, 3, 4.3, 1);
INSERT INTO `goods` VALUES (126, '华为Meta 7126', '华为Meta 7', '<p>2222222222233333333333333333</p><p><img src=\"http://localhost:80/goods/pic/1.jpg;\" alt=\"\" data-href=\"\" style=\"width: 249.00px;height: 249.00px;\"/><img src=\"http://localhost:80/goods/pic/3.jpg;\" alt=\"\" data-href=\"\" style=\"width: 249.00px;height: 249.00px;\"/></p>', 4164.00, 4635.00, 3388.00, '12号色', '512G', 20, 1, 3, 4.3, 0);
INSERT INTO `goods` VALUES (127, '华为Meta 8127', '华为Meta 8', '<p>2222222222233333333333333333</p><p><img src=\"http://localhost:80/goods/pic/1.jpg;\" alt=\"\" data-href=\"\" style=\"width: 249.00px;height: 249.00px;\"/><img src=\"http://localhost:80/goods/pic/3.jpg;\" alt=\"\" data-href=\"\" style=\"width: 249.00px;height: 249.00px;\"/></p>', 5120.00, 5489.00, 4291.00, '12号色', '512G', 20, 1, 4, 4.3, 0);
INSERT INTO `goods` VALUES (128, '华为Meta 93128', '华为Meta 93', '<p>2222222222233333333333333333</p><p><img src=\"http://localhost:80/goods/pic/1.jpg;\" alt=\"\" data-href=\"\" style=\"width: 249.00px;height: 249.00px;\"/><img src=\"http://localhost:80/goods/pic/3.jpg;\" alt=\"\" data-href=\"\" style=\"width: 249.00px;height: 249.00px;\"/></p>', 6008.00, 6500.00, 5682.00, '12号色', '512G', 20, 1, 5, 4.3, 0);
INSERT INTO `goods` VALUES (129, '华为Meta 10129', '华为Meta 10', '<p>2222222222233333333333333333</p><p><img src=\"http://localhost:80/goods/pic/1.jpg;\" alt=\"\" data-href=\"\" style=\"width: 249.00px;height: 249.00px;\"/><img src=\"http://localhost:80/goods/pic/3.jpg;\" alt=\"\" data-href=\"\" style=\"width: 249.00px;height: 249.00px;\"/></p>', 2269.00, 2868.00, 1241.00, '12号色', '512G', 20, 1, 3, 4.3, 0);
INSERT INTO `goods` VALUES (130, '华为nova 12 pro130', '华为nova 12 pro', '<p>2222222222233333333333333333</p><p><img src=\"http://localhost:80/goods/pic/1.jpg;\" alt=\"\" data-href=\"\" style=\"width: 249.00px;height: 249.00px;\"/><img src=\"http://localhost:80/goods/pic/3.jpg;\" alt=\"\" data-href=\"\" style=\"width: 249.00px;height: 249.00px;\"/></p>', 3297.00, 3793.00, 2283.00, '曜金黑', '512G', 19, 1, 3, 4.3, 1);
INSERT INTO `goods` VALUES (131, '诺基亚老人机131', '诺基亚老人机', '<p>2222222222233333333333333333</p><p><img src=\"http://localhost:80/goods/pic/1.jpg;\" alt=\"\" data-href=\"\" style=\"width: 249.00px;height: 249.00px;\"/><img src=\"http://localhost:80/goods/pic/3.jpg;\" alt=\"\" data-href=\"\" style=\"width: 249.00px;height: 249.00px;\"/></p>', 4227.00, 4474.00, 3399.00, '老人最喜欢的颜色', '12G+512G', 20, 1, 3, 4.3, 0);
INSERT INTO `goods` VALUES (132, '海尔智能AI电视机132', '海尔智能AI电视机', '<p>2222222222233333333333333333</p><p><img src=\"http://localhost:80/goods/pic/1.jpg;\" alt=\"\" data-href=\"\" style=\"width: 249.00px;height: 249.00px;\"/><img src=\"http://localhost:80/goods/pic/3.jpg;\" alt=\"\" data-href=\"\" style=\"width: 249.00px;height: 249.00px;\"/></p>', 5183.00, 5544.00, 4380.00, '会说话的颜色', '会讲普通话', 20, 1, 3, 4.3, 0);
INSERT INTO `goods` VALUES (133, '华为Meta 14133', '华为Meta 14', '<p>2222222222233333333333333333</p><p><img src=\"http://localhost:80/goods/pic/1.jpg;\" alt=\"\" data-href=\"\" style=\"width: 249.00px;height: 249.00px;\"/><img src=\"http://localhost:80/goods/pic/3.jpg;\" alt=\"\" data-href=\"\" style=\"width: 249.00px;height: 249.00px;\"/></p>', 6105.00, 6483.00, 5306.00, '12号色', '512G', 20, 1, 3, 4.3, 0);
INSERT INTO `goods` VALUES (134, '华为Meta 15134', '华为Meta 15', '<p>2222222222233333333333333333</p><p><img src=\"http://localhost:80/goods/pic/1.jpg;\" alt=\"\" data-href=\"\" style=\"width: 249.00px;height: 249.00px;\"/><img src=\"http://localhost:80/goods/pic/3.jpg;\" alt=\"\" data-href=\"\" style=\"width: 249.00px;height: 249.00px;\"/></p>', 2291.00, 2737.00, 1519.00, '12号色', '512G', 20, 0, 11, 4.3, 0);
INSERT INTO `goods` VALUES (135, '华为Meta 16135', '华为Meta 16', '<p>2222222222233333333333333333</p><p><img src=\"http://localhost:80/goods/pic/1.jpg;\" alt=\"\" data-href=\"\" style=\"width: 249.00px;height: 249.00px;\"/><img src=\"http://localhost:80/goods/pic/3.jpg;\" alt=\"\" data-href=\"\" style=\"width: 249.00px;height: 249.00px;\"/></p>', 3228.00, 3793.00, 2491.00, '12号色', '512G', 19, 1, 12, 4.3, 1);
INSERT INTO `goods` VALUES (136, '华为Meta 17136', '华为Meta 17', '<p>2222222222233333333333333333</p><p><img src=\"http://localhost:80/goods/pic/1.jpg;\" alt=\"\" data-href=\"\" style=\"width: 249.00px;height: 249.00px;\"/><img src=\"http://localhost:80/goods/pic/3.jpg;\" alt=\"\" data-href=\"\" style=\"width: 249.00px;height: 249.00px;\"/></p>', 4263.00, 4623.00, 3533.00, '12号色', '512G', 20, 1, 13, 4.3, 0);
INSERT INTO `goods` VALUES (137, '华为Meta 18137', '华为Meta 18', '<p>2222222222233333333333333333</p><p><img src=\"http://localhost:80/goods/pic/1.jpg;\" alt=\"\" data-href=\"\" style=\"width: 249.00px;height: 249.00px;\"/><img src=\"http://localhost:80/goods/pic/3.jpg;\" alt=\"\" data-href=\"\" style=\"width: 249.00px;height: 249.00px;\"/></p>', 5459.00, 5660.00, 4628.00, '12号色', '512G', 20, 1, 14, 4.3, 0);
INSERT INTO `goods` VALUES (138, '华为Meta 19138', '华为Meta 19', '<p>2222222222233333333333333333</p><p><img src=\"http://localhost:80/goods/pic/1.jpg;\" alt=\"\" data-href=\"\" style=\"width: 249.00px;height: 249.00px;\"/><img src=\"http://localhost:80/goods/pic/3.jpg;\" alt=\"\" data-href=\"\" style=\"width: 249.00px;height: 249.00px;\"/></p>', 6275.00, 6457.00, 5670.00, '12号色', '512G', 20, 1, 15, 4.3, 0);
INSERT INTO `goods` VALUES (139, '华为Meta 20139', '华为Meta 20', '<p>2222222222233333333333333333</p><p><img src=\"http://localhost:80/goods/pic/1.jpg;\" alt=\"\" data-href=\"\" style=\"width: 249.00px;height: 249.00px;\"/><img src=\"http://localhost:80/goods/pic/3.jpg;\" alt=\"\" data-href=\"\" style=\"width: 249.00px;height: 249.00px;\"/></p>', 2079.00, 2839.00, 1663.00, '12号色', '512G', 20, 1, 16, 4.3, 0);
INSERT INTO `goods` VALUES (140, '华为nova 12 pro140', '华为nova 12 pro', '<p>2222222222233333333333333333</p><p><img src=\"http://localhost:80/goods/pic/1.jpg;\" alt=\"\" data-href=\"\" style=\"width: 249.00px;height: 249.00px;\"/><img src=\"http://localhost:80/goods/pic/3.jpg;\" alt=\"\" data-href=\"\" style=\"width: 249.00px;height: 249.00px;\"/></p>', 3266.00, 3862.00, 2217.00, '曜金黑', '512G', 20, 1, 17, 4.3, 1);
INSERT INTO `goods` VALUES (141, '诺基亚老人机141', '诺基亚老人机', '<p>2222222222233333333333333333</p><p><img src=\"http://localhost:80/goods/pic/1.jpg;\" alt=\"\" data-href=\"\" style=\"width: 249.00px;height: 249.00px;\"/><img src=\"http://localhost:80/goods/pic/3.jpg;\" alt=\"\" data-href=\"\" style=\"width: 249.00px;height: 249.00px;\"/></p>', 4487.00, 4838.00, 3439.00, '老人最喜欢的颜色', '12G+512G', 20, 1, 18, 4.3, 0);
INSERT INTO `goods` VALUES (142, '海尔智能AI电视机142', '海尔智能AI电视机', '<p>2222222222233333333333333333</p><p><img src=\"http://localhost:80/goods/pic/1.jpg;\" alt=\"\" data-href=\"\" style=\"width: 249.00px;height: 249.00px;\"/><img src=\"http://localhost:80/goods/pic/3.jpg;\" alt=\"\" data-href=\"\" style=\"width: 249.00px;height: 249.00px;\"/></p>', 5355.00, 5894.00, 4613.00, '会说话的颜色', '会讲普通话', 20, 1, 19, 4.3, 0);
INSERT INTO `goods` VALUES (143, '华为Meta 29143', '华为Meta 29', '<p>2222222222233333333333333333</p><p><img src=\"http://localhost:80/goods/pic/1.jpg;\" alt=\"\" data-href=\"\" style=\"width: 249.00px;height: 249.00px;\"/><img src=\"http://localhost:80/goods/pic/3.jpg;\" alt=\"\" data-href=\"\" style=\"width: 249.00px;height: 249.00px;\"/></p>', 6171.00, 6848.00, 5432.00, '12号色', '512G', 20, 1, 20, 4.3, 0);
INSERT INTO `goods` VALUES (144, '华为Meta 30144', '华为Meta 30', '<p>2222222222233333333333333333</p><p><img src=\"http://localhost:80/goods/pic/1.jpg;\" alt=\"\" data-href=\"\" style=\"width: 249.00px;height: 249.00px;\"/><img src=\"http://localhost:80/goods/pic/3.jpg;\" alt=\"\" data-href=\"\" style=\"width: 249.00px;height: 249.00px;\"/></p>', 2494.00, 2483.00, 1639.00, '12号色', '512G', 20, 0, 21, 4.3, 0);
INSERT INTO `goods` VALUES (145, '华为Meta 31145', '华为Meta 31', '<p>2222222222233333333333333333</p><p><img src=\"http://localhost:80/goods/pic/1.jpg;\" alt=\"\" data-href=\"\" style=\"width: 249.00px;height: 249.00px;\"/><img src=\"http://localhost:80/goods/pic/3.jpg;\" alt=\"\" data-href=\"\" style=\"width: 249.00px;height: 249.00px;\"/></p>', 3192.00, 3814.00, 2201.00, '12号色', '512G', 20, 1, 22, 4.3, 1);
INSERT INTO `goods` VALUES (146, '华为Meta 32146', '华为Meta 32', '<p>2222222222233333333333333333</p><p><img src=\"http://localhost:80/goods/pic/1.jpg;\" alt=\"\" data-href=\"\" style=\"width: 249.00px;height: 249.00px;\"/><img src=\"http://localhost:80/goods/pic/3.jpg;\" alt=\"\" data-href=\"\" style=\"width: 249.00px;height: 249.00px;\"/></p>', 4374.00, 4556.00, 3363.00, '12号色', '512G', 20, 1, 23, 4.3, 0);
INSERT INTO `goods` VALUES (147, '华为Meta 33147', '华为Meta 33', '<p>2222222222233333333333333333</p><p><img src=\"http://localhost:80/goods/pic/1.jpg;\" alt=\"\" data-href=\"\" style=\"width: 249.00px;height: 249.00px;\"/><img src=\"http://localhost:80/goods/pic/3.jpg;\" alt=\"\" data-href=\"\" style=\"width: 249.00px;height: 249.00px;\"/></p>', 5074.00, 5533.00, 4651.00, '12号色', '512G', 20, 1, 24, 4.3, 0);
INSERT INTO `goods` VALUES (148, '华为Meta 34148', '华为Meta 34', '<p>2222222222233333333333333333</p><p><img src=\"http://localhost:80/goods/pic/1.jpg;\" alt=\"\" data-href=\"\" style=\"width: 249.00px;height: 249.00px;\"/><img src=\"http://localhost:80/goods/pic/3.jpg;\" alt=\"\" data-href=\"\" style=\"width: 249.00px;height: 249.00px;\"/></p>', 6311.00, 6761.00, 5580.00, '12号色', '512G', 20, 1, 25, 4.3, 0);
INSERT INTO `goods` VALUES (149, '华为Meta 35149', '华为Meta 35', '<p>2222222222233333333333333333</p><p><img src=\"http://localhost:80/goods/pic/1.jpg;\" alt=\"\" data-href=\"\" style=\"width: 249.00px;height: 249.00px;\"/><img src=\"http://localhost:80/goods/pic/3.jpg;\" alt=\"\" data-href=\"\" style=\"width: 249.00px;height: 249.00px;\"/></p>', 2438.00, 2779.00, 1287.00, '12号色', '512G', 20, 1, 26, 4.3, 0);
INSERT INTO `goods` VALUES (150, '华为nova 12 pro150', '华为nova 12 pro', '<p>2222222222233333333333333333</p><p><img src=\"http://localhost:80/goods/pic/1.jpg;\" alt=\"\" data-href=\"\" style=\"width: 249.00px;height: 249.00px;\"/><img src=\"http://localhost:80/goods/pic/3.jpg;\" alt=\"\" data-href=\"\" style=\"width: 249.00px;height: 249.00px;\"/></p>', 3255.00, 3675.00, 2319.00, '曜金黑', '512G', 20, 1, 27, 4.3, 1);
INSERT INTO `goods` VALUES (151, '诺基亚老人机151', '诺基亚老人机', '<p>2222222222233333333333333333</p><p><img src=\"http://localhost:80/goods/pic/1.jpg;\" alt=\"\" data-href=\"\" style=\"width: 249.00px;height: 249.00px;\"/><img src=\"http://localhost:80/goods/pic/3.jpg;\" alt=\"\" data-href=\"\" style=\"width: 249.00px;height: 249.00px;\"/></p>', 4340.00, 4613.00, 3253.00, '老人最喜欢的颜色', '12G+512G', 20, 1, 28, 4.3, 0);
INSERT INTO `goods` VALUES (152, '海尔智能AI电视机152', '海尔智能AI电视机', '<p>2222222222233333333333333333</p><p><img src=\"http://localhost:80/goods/pic/1.jpg;\" alt=\"\" data-href=\"\" style=\"width: 249.00px;height: 249.00px;\"/><img src=\"http://localhost:80/goods/pic/3.jpg;\" alt=\"\" data-href=\"\" style=\"width: 249.00px;height: 249.00px;\"/></p>', 5348.00, 5792.00, 4623.00, '会说话的颜色', '会讲普通话', 20, 1, 29, 4.3, 0);
INSERT INTO `goods` VALUES (153, '华为Meta 39153', '华为Meta 39', '<p>2222222222233333333333333333</p><p><img src=\"http://localhost:80/goods/pic/1.jpg;\" alt=\"\" data-href=\"\" style=\"width: 249.00px;height: 249.00px;\"/><img src=\"http://localhost:80/goods/pic/3.jpg;\" alt=\"\" data-href=\"\" style=\"width: 249.00px;height: 249.00px;\"/></p>', 6312.00, 6820.00, 5371.00, '12号色', '512G', 20, 1, 30, 4.3, 0);
INSERT INTO `goods` VALUES (154, '华为Meta 40154', '华为Meta 40', '<p>2222222222233333333333333333</p><p><img src=\"http://localhost:80/goods/pic/1.jpg;\" alt=\"\" data-href=\"\" style=\"width: 249.00px;height: 249.00px;\"/><img src=\"http://localhost:80/goods/pic/3.jpg;\" alt=\"\" data-href=\"\" style=\"width: 249.00px;height: 249.00px;\"/></p>', 2289.00, 2589.00, 1283.00, '12号色', '512G', 20, 0, 31, 4.3, 0);
INSERT INTO `goods` VALUES (155, '华为Meta 41155', '华为Meta 41', '<p>2222222222233333333333333333</p><p><img src=\"http://localhost:80/goods/pic/1.jpg;\" alt=\"\" data-href=\"\" style=\"width: 249.00px;height: 249.00px;\"/><img src=\"http://localhost:80/goods/pic/3.jpg;\" alt=\"\" data-href=\"\" style=\"width: 249.00px;height: 249.00px;\"/></p>', 3263.00, 3859.00, 2214.00, '12号色', '512G', 18, 1, 3, 4.3, 1);
INSERT INTO `goods` VALUES (156, '华为Meta 42156', '华为Meta 42', '<p>2222222222233333333333333333</p><p><img src=\"http://localhost:80/goods/pic/1.jpg;\" alt=\"\" data-href=\"\" style=\"width: 249.00px;height: 249.00px;\"/><img src=\"http://localhost:80/goods/pic/3.jpg;\" alt=\"\" data-href=\"\" style=\"width: 249.00px;height: 249.00px;\"/></p>', 4121.00, 4847.00, 3581.00, '12号色', '512G', 20, 1, 3, 4.3, 0);
INSERT INTO `goods` VALUES (157, '华为Meta 43157', '华为Meta 43', '<p>2222222222233333333333333333</p><p><img src=\"http://localhost:80/goods/pic/1.jpg;\" alt=\"\" data-href=\"\" style=\"width: 249.00px;height: 249.00px;\"/><img src=\"http://localhost:80/goods/pic/3.jpg;\" alt=\"\" data-href=\"\" style=\"width: 249.00px;height: 249.00px;\"/></p>', 5431.00, 5788.00, 4353.00, '12号色', '512G', 20, 1, 3, 4.3, 0);
INSERT INTO `goods` VALUES (158, '华为Meta 44158', '华为Meta 44', '<p>2222222222233333333333333333</p><p><img src=\"http://localhost:80/goods/pic/1.jpg;\" alt=\"\" data-href=\"\" style=\"width: 249.00px;height: 249.00px;\"/><img src=\"http://localhost:80/goods/pic/3.jpg;\" alt=\"\" data-href=\"\" style=\"width: 249.00px;height: 249.00px;\"/></p>', 6088.00, 6829.00, 5590.00, '12号色', '512G', 20, 1, 4, 4.3, 0);
INSERT INTO `goods` VALUES (159, '华为Meta 45159', '华为Meta 45', '<p>2222222222233333333333333333</p><p><img src=\"http://localhost:80/goods/pic/1.jpg;\" alt=\"\" data-href=\"\" style=\"width: 249.00px;height: 249.00px;\"/><img src=\"http://localhost:80/goods/pic/3.jpg;\" alt=\"\" data-href=\"\" style=\"width: 249.00px;height: 249.00px;\"/></p>', 2341.00, 2860.00, 1482.00, '12号色', '512G', 20, 1, 5, 4.3, 0);
INSERT INTO `goods` VALUES (160, '华为nova 12 pro160', '华为nova 12 pro', '<p>2222222222233333333333333333</p><p><img src=\"http://localhost:80/goods/pic/1.jpg;\" alt=\"\" data-href=\"\" style=\"width: 249.00px;height: 249.00px;\"/><img src=\"http://localhost:80/goods/pic/3.jpg;\" alt=\"\" data-href=\"\" style=\"width: 249.00px;height: 249.00px;\"/></p>', 3025.00, 3681.00, 2537.00, '曜金黑', '512G', 18, 1, 3, 4.3, 1);
INSERT INTO `goods` VALUES (161, '诺基亚老人机161', '诺基亚老人机', '<p>2222222222233333333333333333</p><p><img src=\"http://localhost:80/goods/pic/1.jpg;\" alt=\"\" data-href=\"\" style=\"width: 249.00px;height: 249.00px;\"/><img src=\"http://localhost:80/goods/pic/3.jpg;\" alt=\"\" data-href=\"\" style=\"width: 249.00px;height: 249.00px;\"/></p>', 4184.00, 4782.00, 3563.00, '老人最喜欢的颜色', '12G+512G', 20, 1, 3, 4.3, 0);
INSERT INTO `goods` VALUES (162, '海尔智能AI电视机162', '海尔智能AI电视机', '<p>2222222222233333333333333333</p><p><img src=\"http://localhost:80/goods/pic/1.jpg;\" alt=\"\" data-href=\"\" style=\"width: 249.00px;height: 249.00px;\"/><img src=\"http://localhost:80/goods/pic/3.jpg;\" alt=\"\" data-href=\"\" style=\"width: 249.00px;height: 249.00px;\"/></p>', 5054.00, 5532.00, 4205.00, '会说话的颜色', '会讲普通话', 20, 1, 3, 4.3, 0);
INSERT INTO `goods` VALUES (163, '华为Meta 4163', '华为Meta 4', '<p>2222222222233333333333333333</p><p><img src=\"http://localhost:80/goods/pic/1.jpg;\" alt=\"\" data-href=\"\" style=\"width: 249.00px;height: 249.00px;\"/><img src=\"http://localhost:80/goods/pic/3.jpg;\" alt=\"\" data-href=\"\" style=\"width: 249.00px;height: 249.00px;\"/></p>', 6095.00, 6418.00, 5514.00, '12号色', '512G', 20, 1, 3, 4.3, 0);
INSERT INTO `goods` VALUES (164, '华为Meta 5164', '华为Meta 5', '<p>2222222222233333333333333333</p><p><img src=\"http://localhost:80/goods/pic/1.jpg;\" alt=\"\" data-href=\"\" style=\"width: 249.00px;height: 249.00px;\"/><img src=\"http://localhost:80/goods/pic/3.jpg;\" alt=\"\" data-href=\"\" style=\"width: 249.00px;height: 249.00px;\"/></p>', 2011.00, 2464.00, 1494.00, '12号色', '512G', 20, 0, 3, 4.3, 0);
INSERT INTO `goods` VALUES (165, '华为Meta 6165', '华为Meta 6', '<p>2222222222233333333333333333</p><p><img src=\"http://localhost:80/goods/pic/1.jpg;\" alt=\"\" data-href=\"\" style=\"width: 249.00px;height: 249.00px;\"/><img src=\"http://localhost:80/goods/pic/3.jpg;\" alt=\"\" data-href=\"\" style=\"width: 249.00px;height: 249.00px;\"/></p>', 3336.00, 3573.00, 2565.00, '12号色', '512G', 20, 1, 11, 4.3, 1);
INSERT INTO `goods` VALUES (166, '华为Meta 7166', '华为Meta 7', '<p>2222222222233333333333333333</p><p><img src=\"http://localhost:80/goods/pic/1.jpg;\" alt=\"\" data-href=\"\" style=\"width: 249.00px;height: 249.00px;\"/><img src=\"http://localhost:80/goods/pic/3.jpg;\" alt=\"\" data-href=\"\" style=\"width: 249.00px;height: 249.00px;\"/></p>', 4164.00, 4635.00, 3388.00, '12号色', '512G', 20, 1, 12, 4.3, 0);
INSERT INTO `goods` VALUES (167, '华为Meta 8167', '华为Meta 8', '<p>2222222222233333333333333333</p><p><img src=\"http://localhost:80/goods/pic/1.jpg;\" alt=\"\" data-href=\"\" style=\"width: 249.00px;height: 249.00px;\"/><img src=\"http://localhost:80/goods/pic/3.jpg;\" alt=\"\" data-href=\"\" style=\"width: 249.00px;height: 249.00px;\"/></p>', 5120.00, 5489.00, 4291.00, '12号色', '512G', 20, 1, 13, 4.3, 0);
INSERT INTO `goods` VALUES (168, '华为Meta 94168', '华为Meta 94', '<p>2222222222233333333333333333</p><p><img src=\"http://localhost:80/goods/pic/1.jpg;\" alt=\"\" data-href=\"\" style=\"width: 249.00px;height: 249.00px;\"/><img src=\"http://localhost:80/goods/pic/3.jpg;\" alt=\"\" data-href=\"\" style=\"width: 249.00px;height: 249.00px;\"/></p>', 6008.00, 6500.00, 5682.00, '12号色', '512G', 20, 1, 14, 4.3, 0);
INSERT INTO `goods` VALUES (169, '华为Meta 10169', '华为Meta 10', '<p>2222222222233333333333333333</p><p><img src=\"http://localhost:80/goods/pic/1.jpg;\" alt=\"\" data-href=\"\" style=\"width: 249.00px;height: 249.00px;\"/><img src=\"http://localhost:80/goods/pic/3.jpg;\" alt=\"\" data-href=\"\" style=\"width: 249.00px;height: 249.00px;\"/></p>', 2269.00, 2868.00, 1241.00, '12号色', '512G', 20, 1, 15, 4.3, 0);
INSERT INTO `goods` VALUES (170, '华为nova 12 pro170', '华为nova 12 pro', '<p>2222222222233333333333333333</p><p><img src=\"http://localhost:80/goods/pic/1.jpg;\" alt=\"\" data-href=\"\" style=\"width: 249.00px;height: 249.00px;\"/><img src=\"http://localhost:80/goods/pic/3.jpg;\" alt=\"\" data-href=\"\" style=\"width: 249.00px;height: 249.00px;\"/></p>', 3297.00, 3793.00, 2283.00, '曜金黑', '512G', 20, 1, 16, 4.3, 1);
INSERT INTO `goods` VALUES (171, '诺基亚老人机171', '诺基亚老人机', '<p>2222222222233333333333333333</p><p><img src=\"http://localhost:80/goods/pic/1.jpg;\" alt=\"\" data-href=\"\" style=\"width: 249.00px;height: 249.00px;\"/><img src=\"http://localhost:80/goods/pic/3.jpg;\" alt=\"\" data-href=\"\" style=\"width: 249.00px;height: 249.00px;\"/></p>', 4227.00, 4474.00, 3399.00, '老人最喜欢的颜色', '12G+512G', 20, 1, 17, 4.3, 0);
INSERT INTO `goods` VALUES (172, '海尔智能AI电视机172', '海尔智能AI电视机', '<p>2222222222233333333333333333</p><p><img src=\"http://localhost:80/goods/pic/1.jpg;\" alt=\"\" data-href=\"\" style=\"width: 249.00px;height: 249.00px;\"/><img src=\"http://localhost:80/goods/pic/3.jpg;\" alt=\"\" data-href=\"\" style=\"width: 249.00px;height: 249.00px;\"/></p>', 5183.00, 5544.00, 4380.00, '会说话的颜色', '会讲普通话', 20, 1, 18, 4.3, 0);
INSERT INTO `goods` VALUES (173, '华为Meta 14173', '华为Meta 14', '<p>2222222222233333333333333333</p><p><img src=\"http://localhost:80/goods/pic/1.jpg;\" alt=\"\" data-href=\"\" style=\"width: 249.00px;height: 249.00px;\"/><img src=\"http://localhost:80/goods/pic/3.jpg;\" alt=\"\" data-href=\"\" style=\"width: 249.00px;height: 249.00px;\"/></p>', 6105.00, 6483.00, 5306.00, '12号色', '512G', 20, 1, 19, 4.3, 0);
INSERT INTO `goods` VALUES (174, '华为Meta 15174', '华为Meta 15', '<p>2222222222233333333333333333</p><p><img src=\"http://localhost:80/goods/pic/1.jpg;\" alt=\"\" data-href=\"\" style=\"width: 249.00px;height: 249.00px;\"/><img src=\"http://localhost:80/goods/pic/3.jpg;\" alt=\"\" data-href=\"\" style=\"width: 249.00px;height: 249.00px;\"/></p>', 2291.00, 2737.00, 1519.00, '12号色', '512G', 20, 0, 20, 4.3, 0);
INSERT INTO `goods` VALUES (175, '华为Meta 16175', '华为Meta 16', '<p>2222222222233333333333333333</p><p><img src=\"http://localhost:80/goods/pic/1.jpg;\" alt=\"\" data-href=\"\" style=\"width: 249.00px;height: 249.00px;\"/><img src=\"http://localhost:80/goods/pic/3.jpg;\" alt=\"\" data-href=\"\" style=\"width: 249.00px;height: 249.00px;\"/></p>', 3228.00, 3793.00, 2491.00, '12号色', '512G', 20, 1, 21, 4.3, 1);
INSERT INTO `goods` VALUES (176, '华为Meta 17176', '华为Meta 17', '<p>2222222222233333333333333333</p><p><img src=\"http://localhost:80/goods/pic/1.jpg;\" alt=\"\" data-href=\"\" style=\"width: 249.00px;height: 249.00px;\"/><img src=\"http://localhost:80/goods/pic/3.jpg;\" alt=\"\" data-href=\"\" style=\"width: 249.00px;height: 249.00px;\"/></p>', 4263.00, 4623.00, 3533.00, '12号色', '512G', 20, 1, 22, 4.3, 0);
INSERT INTO `goods` VALUES (177, '华为Meta 18177', '华为Meta 18', '<p>2222222222233333333333333333</p><p><img src=\"http://localhost:80/goods/pic/1.jpg;\" alt=\"\" data-href=\"\" style=\"width: 249.00px;height: 249.00px;\"/><img src=\"http://localhost:80/goods/pic/3.jpg;\" alt=\"\" data-href=\"\" style=\"width: 249.00px;height: 249.00px;\"/></p>', 5459.00, 5660.00, 4628.00, '12号色', '512G', 20, 1, 23, 4.3, 0);
INSERT INTO `goods` VALUES (178, '华为Meta 19178', '华为Meta 19', '<p>2222222222233333333333333333</p><p><img src=\"http://localhost:80/goods/pic/1.jpg;\" alt=\"\" data-href=\"\" style=\"width: 249.00px;height: 249.00px;\"/><img src=\"http://localhost:80/goods/pic/3.jpg;\" alt=\"\" data-href=\"\" style=\"width: 249.00px;height: 249.00px;\"/></p>', 6275.00, 6457.00, 5670.00, '12号色', '512G', 20, 1, 24, 4.3, 0);
INSERT INTO `goods` VALUES (179, '华为Meta 20179', '华为Meta 20', '<p>2222222222233333333333333333</p><p><img src=\"http://localhost:80/goods/pic/1.jpg;\" alt=\"\" data-href=\"\" style=\"width: 249.00px;height: 249.00px;\"/><img src=\"http://localhost:80/goods/pic/3.jpg;\" alt=\"\" data-href=\"\" style=\"width: 249.00px;height: 249.00px;\"/></p>', 2079.00, 2839.00, 1663.00, '12号色', '512G', 20, 1, 25, 4.3, 0);
INSERT INTO `goods` VALUES (180, '华为nova 12 pro180', '华为nova 12 pro', '<p>2222222222233333333333333333</p><p><img src=\"http://localhost:80/goods/pic/1.jpg;\" alt=\"\" data-href=\"\" style=\"width: 249.00px;height: 249.00px;\"/><img src=\"http://localhost:80/goods/pic/3.jpg;\" alt=\"\" data-href=\"\" style=\"width: 249.00px;height: 249.00px;\"/></p>', 3266.00, 3862.00, 2217.00, '曜金黑', '512G', 20, 1, 26, 4.3, 1);
INSERT INTO `goods` VALUES (181, '诺基亚老人机181', '诺基亚老人机', '<p>2222222222233333333333333333</p><p><img src=\"http://localhost:80/goods/pic/1.jpg;\" alt=\"\" data-href=\"\" style=\"width: 249.00px;height: 249.00px;\"/><img src=\"http://localhost:80/goods/pic/3.jpg;\" alt=\"\" data-href=\"\" style=\"width: 249.00px;height: 249.00px;\"/></p>', 4487.00, 4838.00, 3439.00, '老人最喜欢的颜色', '12G+512G', 20, 1, 27, 4.3, 0);
INSERT INTO `goods` VALUES (182, '海尔智能AI电视机182', '海尔智能AI电视机', '<p>2222222222233333333333333333</p><p><img src=\"http://localhost:80/goods/pic/1.jpg;\" alt=\"\" data-href=\"\" style=\"width: 249.00px;height: 249.00px;\"/><img src=\"http://localhost:80/goods/pic/3.jpg;\" alt=\"\" data-href=\"\" style=\"width: 249.00px;height: 249.00px;\"/></p>', 5355.00, 5894.00, 4613.00, '会说话的颜色', '会讲普通话', 20, 1, 28, 4.3, 0);
INSERT INTO `goods` VALUES (183, '华为Meta 29183', '华为Meta 29', '<p>2222222222233333333333333333</p><p><img src=\"http://localhost:80/goods/pic/1.jpg;\" alt=\"\" data-href=\"\" style=\"width: 249.00px;height: 249.00px;\"/><img src=\"http://localhost:80/goods/pic/3.jpg;\" alt=\"\" data-href=\"\" style=\"width: 249.00px;height: 249.00px;\"/></p>', 6171.00, 6848.00, 5432.00, '12号色', '512G', 20, 1, 29, 4.3, 0);
INSERT INTO `goods` VALUES (184, '华为Meta 30184', '华为Meta 30', '<p>2222222222233333333333333333</p><p><img src=\"http://localhost:80/goods/pic/1.jpg;\" alt=\"\" data-href=\"\" style=\"width: 249.00px;height: 249.00px;\"/><img src=\"http://localhost:80/goods/pic/3.jpg;\" alt=\"\" data-href=\"\" style=\"width: 249.00px;height: 249.00px;\"/></p>', 2494.00, 2483.00, 1639.00, '12号色', '512G', 20, 0, 30, 4.3, 0);
INSERT INTO `goods` VALUES (185, '华为Meta 31185', '华为Meta 31', '<p>2222222222233333333333333333</p><p><img src=\"http://localhost:80/goods/pic/1.jpg;\" alt=\"\" data-href=\"\" style=\"width: 249.00px;height: 249.00px;\"/><img src=\"http://localhost:80/goods/pic/3.jpg;\" alt=\"\" data-href=\"\" style=\"width: 249.00px;height: 249.00px;\"/></p>', 3192.00, 3814.00, 2201.00, '12号色', '512G', 20, 1, 31, 4.3, 1);
INSERT INTO `goods` VALUES (186, '华为Meta 32186', '华为Meta 32', '<p>2222222222233333333333333333</p><p><img src=\"http://localhost:80/goods/pic/1.jpg;\" alt=\"\" data-href=\"\" style=\"width: 249.00px;height: 249.00px;\"/><img src=\"http://localhost:80/goods/pic/3.jpg;\" alt=\"\" data-href=\"\" style=\"width: 249.00px;height: 249.00px;\"/></p>', 4374.00, 4556.00, 3363.00, '12号色', '512G', 20, 1, 3, 4.3, 0);
INSERT INTO `goods` VALUES (187, '华为Meta 33187', '华为Meta 33', '<p>2222222222233333333333333333</p><p><img src=\"http://localhost:80/goods/pic/1.jpg;\" alt=\"\" data-href=\"\" style=\"width: 249.00px;height: 249.00px;\"/><img src=\"http://localhost:80/goods/pic/3.jpg;\" alt=\"\" data-href=\"\" style=\"width: 249.00px;height: 249.00px;\"/></p>', 5074.00, 5533.00, 4651.00, '12号色', '512G', 20, 1, 3, 4.3, 0);
INSERT INTO `goods` VALUES (188, '华为Meta 34188', '华为Meta 34', '<p>2222222222233333333333333333</p><p><img src=\"http://localhost:80/goods/pic/1.jpg;\" alt=\"\" data-href=\"\" style=\"width: 249.00px;height: 249.00px;\"/><img src=\"http://localhost:80/goods/pic/3.jpg;\" alt=\"\" data-href=\"\" style=\"width: 249.00px;height: 249.00px;\"/></p>', 6311.00, 6761.00, 5580.00, '12号色', '512G', 20, 1, 3, 4.3, 0);
INSERT INTO `goods` VALUES (189, '华为Meta 35189', '华为Meta 35', '<p>2222222222233333333333333333</p><p><img src=\"http://localhost:80/goods/pic/1.jpg;\" alt=\"\" data-href=\"\" style=\"width: 249.00px;height: 249.00px;\"/><img src=\"http://localhost:80/goods/pic/3.jpg;\" alt=\"\" data-href=\"\" style=\"width: 249.00px;height: 249.00px;\"/></p>', 2438.00, 2779.00, 1287.00, '12号色', '512G', 20, 1, 4, 4.3, 0);
INSERT INTO `goods` VALUES (190, '华为nova 12 pro190', '华为nova 12 pro', '<p>2222222222233333333333333333</p><p><img src=\"http://localhost:80/goods/pic/1.jpg;\" alt=\"\" data-href=\"\" style=\"width: 249.00px;height: 249.00px;\"/><img src=\"http://localhost:80/goods/pic/3.jpg;\" alt=\"\" data-href=\"\" style=\"width: 249.00px;height: 249.00px;\"/></p>', 3255.00, 3675.00, 2319.00, '曜金黑', '512G', 20, 1, 5, 4.3, 1);
INSERT INTO `goods` VALUES (191, '诺基亚老人机191', '诺基亚老人机', '<p>2222222222233333333333333333</p><p><img src=\"http://localhost:80/goods/pic/1.jpg;\" alt=\"\" data-href=\"\" style=\"width: 249.00px;height: 249.00px;\"/><img src=\"http://localhost:80/goods/pic/3.jpg;\" alt=\"\" data-href=\"\" style=\"width: 249.00px;height: 249.00px;\"/></p>', 4340.00, 4613.00, 3253.00, '老人最喜欢的颜色', '12G+512G', 20, 1, 3, 4.3, 0);
INSERT INTO `goods` VALUES (192, '海尔智能AI电视机192', '海尔智能AI电视机', '<p>2222222222233333333333333333</p><p><img src=\"http://localhost:80/goods/pic/1.jpg;\" alt=\"\" data-href=\"\" style=\"width: 249.00px;height: 249.00px;\"/><img src=\"http://localhost:80/goods/pic/3.jpg;\" alt=\"\" data-href=\"\" style=\"width: 249.00px;height: 249.00px;\"/></p>', 5348.00, 5792.00, 4623.00, '会说话的颜色', '会讲普通话', 20, 1, 3, 4.3, 0);
INSERT INTO `goods` VALUES (193, '华为Meta 39193', '华为Meta 39', '<p>2222222222233333333333333333</p><p><img src=\"http://localhost:80/goods/pic/1.jpg;\" alt=\"\" data-href=\"\" style=\"width: 249.00px;height: 249.00px;\"/><img src=\"http://localhost:80/goods/pic/3.jpg;\" alt=\"\" data-href=\"\" style=\"width: 249.00px;height: 249.00px;\"/></p>', 6312.00, 6820.00, 5371.00, '12号色', '512G', 20, 1, 3, 4.3, 0);
INSERT INTO `goods` VALUES (194, '华为Meta 40194', '华为Meta 40', '<p>2222222222233333333333333333</p><p><img src=\"http://localhost:80/goods/pic/1.jpg;\" alt=\"\" data-href=\"\" style=\"width: 249.00px;height: 249.00px;\"/><img src=\"http://localhost:80/goods/pic/3.jpg;\" alt=\"\" data-href=\"\" style=\"width: 249.00px;height: 249.00px;\"/></p>', 2289.00, 2589.00, 1283.00, '12号色', '512G', 20, 0, 3, 4.3, 0);
INSERT INTO `goods` VALUES (195, '华为Meta 41195', '华为Meta 41', '<p>2222222222233333333333333333</p><p><img src=\"http://localhost:80/goods/pic/1.jpg;\" alt=\"\" data-href=\"\" style=\"width: 249.00px;height: 249.00px;\"/><img src=\"http://localhost:80/goods/pic/3.jpg;\" alt=\"\" data-href=\"\" style=\"width: 249.00px;height: 249.00px;\"/></p>', 3263.00, 3859.00, 2214.00, '12号色', '512G', 20, 1, 3, 4.3, 1);
INSERT INTO `goods` VALUES (196, '华为Meta 42196', '华为Meta 42', '<p>2222222222233333333333333333</p><p><img src=\"http://localhost:80/goods/pic/1.jpg;\" alt=\"\" data-href=\"\" style=\"width: 249.00px;height: 249.00px;\"/><img src=\"http://localhost:80/goods/pic/3.jpg;\" alt=\"\" data-href=\"\" style=\"width: 249.00px;height: 249.00px;\"/></p>', 4121.00, 4847.00, 3581.00, '12号色', '512G', 20, 1, 11, 4.3, 0);
INSERT INTO `goods` VALUES (197, '华为Meta 43197', '华为Meta 43', '<p>2222222222233333333333333333</p><p><img src=\"http://localhost:80/goods/pic/1.jpg;\" alt=\"\" data-href=\"\" style=\"width: 249.00px;height: 249.00px;\"/><img src=\"http://localhost:80/goods/pic/3.jpg;\" alt=\"\" data-href=\"\" style=\"width: 249.00px;height: 249.00px;\"/></p>', 5431.00, 5788.00, 4353.00, '12号色', '512G', 20, 1, 12, 4.3, 0);
INSERT INTO `goods` VALUES (198, '华为Meta 44198', '华为Meta 44', '<p>2222222222233333333333333333</p><p><img src=\"http://localhost:80/goods/pic/1.jpg;\" alt=\"\" data-href=\"\" style=\"width: 249.00px;height: 249.00px;\"/><img src=\"http://localhost:80/goods/pic/3.jpg;\" alt=\"\" data-href=\"\" style=\"width: 249.00px;height: 249.00px;\"/></p>', 6088.00, 6829.00, 5590.00, '12号色', '512G', 20, 1, 13, 4.3, 0);
INSERT INTO `goods` VALUES (199, '华为Meta 45199', '华为Meta 45', '<p>2222222222233333333333333333</p><p><img src=\"http://localhost:80/goods/pic/1.jpg;\" alt=\"\" data-href=\"\" style=\"width: 249.00px;height: 249.00px;\"/><img src=\"http://localhost:80/goods/pic/3.jpg;\" alt=\"\" data-href=\"\" style=\"width: 249.00px;height: 249.00px;\"/></p>', 2341.00, 2860.00, 1482.00, '12号色', '512G', 20, 1, 14, 4.3, 0);
INSERT INTO `goods` VALUES (247, '华为nova 12 pro247', '华为nova 12 pro', '<p>2222222222233333333333333333</p><p><img src=\"http://localhost:80/goods/pic/1.jpg;\" alt=\"\" data-href=\"\" style=\"width: 249.00px;height: 249.00px;\"/><img src=\"http://localhost:80/goods/pic/3.jpg;\" alt=\"\" data-href=\"\" style=\"width: 249.00px;height: 249.00px;\"/></p>', 3025.00, 3681.00, 2537.00, '曜金黑', '512G', 20, 1, 31, 4.3, 0);
INSERT INTO `goods` VALUES (248, '诺基亚老人机248', '诺基亚老人机', '<p>2222222222233333333333333333</p><p><img src=\"http://localhost:80/goods/pic/1.jpg;\" alt=\"\" data-href=\"\" style=\"width: 249.00px;height: 249.00px;\"/><img src=\"http://localhost:80/goods/pic/3.jpg;\" alt=\"\" data-href=\"\" style=\"width: 249.00px;height: 249.00px;\"/></p>', 4184.00, 4782.00, 3563.00, '老人最喜欢的颜色', '12G+512G', 20, 1, 3, 4.3, 0);
INSERT INTO `goods` VALUES (249, '海尔智能AI电视机249', '海尔智能AI电视机', '<p>2222222222233333333333333333</p><p><img src=\"http://localhost:80/goods/pic/1.jpg;\" alt=\"\" data-href=\"\" style=\"width: 249.00px;height: 249.00px;\"/><img src=\"http://localhost:80/goods/pic/3.jpg;\" alt=\"\" data-href=\"\" style=\"width: 249.00px;height: 249.00px;\"/></p>', 5054.00, 5532.00, 4205.00, '会说话的颜色', '会讲普通话', 20, 1, 3, 4.3, 0);
INSERT INTO `goods` VALUES (250, '华为Meta 4250', '华为Meta 4', '<p>2222222222233333333333333333</p><p><img src=\"http://localhost:80/goods/pic/1.jpg;\" alt=\"\" data-href=\"\" style=\"width: 249.00px;height: 249.00px;\"/><img src=\"http://localhost:80/goods/pic/3.jpg;\" alt=\"\" data-href=\"\" style=\"width: 249.00px;height: 249.00px;\"/></p>', 6095.00, 6418.00, 5514.00, '12号色', '512G', 20, 1, 3, 4.3, 1);
INSERT INTO `goods` VALUES (251, '华为Meta 5251', '华为Meta 5', '<p>2222222222233333333333333333</p><p><img src=\"http://localhost:80/goods/pic/1.jpg;\" alt=\"\" data-href=\"\" style=\"width: 249.00px;height: 249.00px;\"/><img src=\"http://localhost:80/goods/pic/3.jpg;\" alt=\"\" data-href=\"\" style=\"width: 249.00px;height: 249.00px;\"/></p>', 2011.00, 2464.00, 1494.00, '12号色', '512G', 20, 0, 4, 4.3, 0);
INSERT INTO `goods` VALUES (252, '华为Meta 6252', '华为Meta 6', '<p>2222222222233333333333333333</p><p><img src=\"http://localhost:80/goods/pic/1.jpg;\" alt=\"\" data-href=\"\" style=\"width: 249.00px;height: 249.00px;\"/><img src=\"http://localhost:80/goods/pic/3.jpg;\" alt=\"\" data-href=\"\" style=\"width: 249.00px;height: 249.00px;\"/></p>', 3336.00, 3573.00, 2565.00, '12号色', '512G', 20, 1, 5, 4.3, 0);
INSERT INTO `goods` VALUES (253, '华为Meta 7253', '华为Meta 7', '<p>2222222222233333333333333333</p><p><img src=\"http://localhost:80/goods/pic/1.jpg;\" alt=\"\" data-href=\"\" style=\"width: 249.00px;height: 249.00px;\"/><img src=\"http://localhost:80/goods/pic/3.jpg;\" alt=\"\" data-href=\"\" style=\"width: 249.00px;height: 249.00px;\"/></p>', 4164.00, 4635.00, 3388.00, '12号色', '512G', 20, 1, 3, 4.3, 0);
INSERT INTO `goods` VALUES (254, '华为Meta 8254', '华为Meta 8', '<p>2222222222233333333333333333</p><p><img src=\"http://localhost:80/goods/pic/1.jpg;\" alt=\"\" data-href=\"\" style=\"width: 249.00px;height: 249.00px;\"/><img src=\"http://localhost:80/goods/pic/3.jpg;\" alt=\"\" data-href=\"\" style=\"width: 249.00px;height: 249.00px;\"/></p>', 5120.00, 5489.00, 4291.00, '12号色', '512G', 20, 1, 3, 4.3, 0);
INSERT INTO `goods` VALUES (255, '华为Meta 95255', '华为Meta 95', '<p>2222222222233333333333333333</p><p><img src=\"http://localhost:80/goods/pic/1.jpg;\" alt=\"\" data-href=\"\" style=\"width: 249.00px;height: 249.00px;\"/><img src=\"http://localhost:80/goods/pic/3.jpg;\" alt=\"\" data-href=\"\" style=\"width: 249.00px;height: 249.00px;\"/></p>', 6008.00, 6500.00, 5682.00, '12号色', '512G', 20, 1, 12, 4.3, 1);
INSERT INTO `goods` VALUES (256, '华为Meta 10256', '华为Meta 10', '<p>2222222222233333333333333333</p><p><img src=\"http://localhost:80/goods/pic/1.jpg;\" alt=\"\" data-href=\"\" style=\"width: 249.00px;height: 249.00px;\"/><img src=\"http://localhost:80/goods/pic/3.jpg;\" alt=\"\" data-href=\"\" style=\"width: 249.00px;height: 249.00px;\"/></p>', 2269.00, 2868.00, 1241.00, '12号色', '512G', 20, 1, 3, 4.3, 0);
INSERT INTO `goods` VALUES (257, '华为nova 12 pro257', '华为nova 12 pro', '<p>2222222222233333333333333333</p><p><img src=\"http://localhost:80/goods/pic/1.jpg;\" alt=\"\" data-href=\"\" style=\"width: 249.00px;height: 249.00px;\"/><img src=\"http://localhost:80/goods/pic/3.jpg;\" alt=\"\" data-href=\"\" style=\"width: 249.00px;height: 249.00px;\"/></p>', 3297.00, 3793.00, 2283.00, '曜金黑', '512G', 20, 1, 3, 4.3, 0);
INSERT INTO `goods` VALUES (258, '诺基亚老人机258', '诺基亚老人机', '<p>2222222222233333333333333333</p><p><img src=\"http://localhost:80/goods/pic/1.jpg;\" alt=\"\" data-href=\"\" style=\"width: 249.00px;height: 249.00px;\"/><img src=\"http://localhost:80/goods/pic/3.jpg;\" alt=\"\" data-href=\"\" style=\"width: 249.00px;height: 249.00px;\"/></p>', 4227.00, 4474.00, 3399.00, '老人最喜欢的颜色', '12G+512G', 20, 1, 11, 4.3, 0);
INSERT INTO `goods` VALUES (259, '海尔智能AI电视机259', '海尔智能AI电视机', '<p>2222222222233333333333333333</p><p><img src=\"http://localhost:80/goods/pic/1.jpg;\" alt=\"\" data-href=\"\" style=\"width: 249.00px;height: 249.00px;\"/><img src=\"http://localhost:80/goods/pic/3.jpg;\" alt=\"\" data-href=\"\" style=\"width: 249.00px;height: 249.00px;\"/></p>', 5183.00, 5544.00, 4380.00, '会说话的颜色', '会讲普通话', 20, 1, 12, 4.3, 0);
INSERT INTO `goods` VALUES (260, '华为Meta 14260', '华为Meta 14', '<p>2222222222233333333333333333</p><p><img src=\"http://localhost:80/goods/pic/1.jpg;\" alt=\"\" data-href=\"\" style=\"width: 249.00px;height: 249.00px;\"/><img src=\"http://localhost:80/goods/pic/3.jpg;\" alt=\"\" data-href=\"\" style=\"width: 249.00px;height: 249.00px;\"/></p>', 6105.00, 6483.00, 5306.00, '12号色', '512G', 20, 1, 13, 4.3, 1);
INSERT INTO `goods` VALUES (261, '华为Meta 15261', '华为Meta 15', '<p>2222222222233333333333333333</p><p><img src=\"http://localhost:80/goods/pic/1.jpg;\" alt=\"\" data-href=\"\" style=\"width: 249.00px;height: 249.00px;\"/><img src=\"http://localhost:80/goods/pic/3.jpg;\" alt=\"\" data-href=\"\" style=\"width: 249.00px;height: 249.00px;\"/></p>', 2291.00, 2737.00, 1519.00, '12号色', '512G', 20, 0, 14, 4.3, 0);
INSERT INTO `goods` VALUES (262, '华为Meta 16262', '华为Meta 16', '<p>2222222222233333333333333333</p><p><img src=\"http://localhost:80/goods/pic/1.jpg;\" alt=\"\" data-href=\"\" style=\"width: 249.00px;height: 249.00px;\"/><img src=\"http://localhost:80/goods/pic/3.jpg;\" alt=\"\" data-href=\"\" style=\"width: 249.00px;height: 249.00px;\"/></p>', 3228.00, 3793.00, 2491.00, '12号色', '512G', 20, 1, 15, 4.3, 0);
INSERT INTO `goods` VALUES (263, '华为Meta 17263', '华为Meta 17', '<p>2222222222233333333333333333</p><p><img src=\"http://localhost:80/goods/pic/1.jpg;\" alt=\"\" data-href=\"\" style=\"width: 249.00px;height: 249.00px;\"/><img src=\"http://localhost:80/goods/pic/3.jpg;\" alt=\"\" data-href=\"\" style=\"width: 249.00px;height: 249.00px;\"/></p>', 4263.00, 4623.00, 3533.00, '12号色', '512G', 20, 1, 16, 4.3, 0);
INSERT INTO `goods` VALUES (264, '华为Meta 18264', '华为Meta 18', '<p>2222222222233333333333333333</p><p><img src=\"http://localhost:80/goods/pic/1.jpg;\" alt=\"\" data-href=\"\" style=\"width: 249.00px;height: 249.00px;\"/><img src=\"http://localhost:80/goods/pic/3.jpg;\" alt=\"\" data-href=\"\" style=\"width: 249.00px;height: 249.00px;\"/></p>', 5459.00, 5660.00, 4628.00, '12号色', '512G', 20, 1, 17, 4.3, 0);
INSERT INTO `goods` VALUES (265, '华为Meta 19265', '华为Meta 19', '<p>2222222222233333333333333333</p><p><img src=\"http://localhost:80/goods/pic/1.jpg;\" alt=\"\" data-href=\"\" style=\"width: 249.00px;height: 249.00px;\"/><img src=\"http://localhost:80/goods/pic/3.jpg;\" alt=\"\" data-href=\"\" style=\"width: 249.00px;height: 249.00px;\"/></p>', 6275.00, 6457.00, 5670.00, '12号色', '512G', 20, 1, 18, 4.3, 1);
INSERT INTO `goods` VALUES (266, '华为Meta 20266', '华为Meta 20', '<p>2222222222233333333333333333</p><p><img src=\"http://localhost:80/goods/pic/1.jpg;\" alt=\"\" data-href=\"\" style=\"width: 249.00px;height: 249.00px;\"/><img src=\"http://localhost:80/goods/pic/3.jpg;\" alt=\"\" data-href=\"\" style=\"width: 249.00px;height: 249.00px;\"/></p>', 2079.00, 2839.00, 1663.00, '12号色', '512G', 20, 1, 19, 4.3, 0);
INSERT INTO `goods` VALUES (267, '华为nova 12 pro267', '华为nova 12 pro', '<p>2222222222233333333333333333</p><p><img src=\"http://localhost:80/goods/pic/1.jpg;\" alt=\"\" data-href=\"\" style=\"width: 249.00px;height: 249.00px;\"/><img src=\"http://localhost:80/goods/pic/3.jpg;\" alt=\"\" data-href=\"\" style=\"width: 249.00px;height: 249.00px;\"/></p>', 3266.00, 3862.00, 2217.00, '曜金黑', '512G', 20, 1, 20, 4.3, 0);
INSERT INTO `goods` VALUES (268, '诺基亚老人机268', '诺基亚老人机', '<p>2222222222233333333333333333</p><p><img src=\"http://localhost:80/goods/pic/1.jpg;\" alt=\"\" data-href=\"\" style=\"width: 249.00px;height: 249.00px;\"/><img src=\"http://localhost:80/goods/pic/3.jpg;\" alt=\"\" data-href=\"\" style=\"width: 249.00px;height: 249.00px;\"/></p>', 4487.00, 4838.00, 3439.00, '老人最喜欢的颜色', '12G+512G', 20, 1, 21, 4.3, 0);
INSERT INTO `goods` VALUES (269, '海尔智能AI电视机269', '海尔智能AI电视机', '<p>2222222222233333333333333333</p><p><img src=\"http://localhost:80/goods/pic/1.jpg;\" alt=\"\" data-href=\"\" style=\"width: 249.00px;height: 249.00px;\"/><img src=\"http://localhost:80/goods/pic/3.jpg;\" alt=\"\" data-href=\"\" style=\"width: 249.00px;height: 249.00px;\"/></p>', 5355.00, 5894.00, 4613.00, '会说话的颜色', '会讲普通话', 20, 1, 22, 4.3, 0);
INSERT INTO `goods` VALUES (270, '华为Meta 29270', '华为Meta 29', '<p>2222222222233333333333333333</p><p><img src=\"http://localhost:80/goods/pic/1.jpg;\" alt=\"\" data-href=\"\" style=\"width: 249.00px;height: 249.00px;\"/><img src=\"http://localhost:80/goods/pic/3.jpg;\" alt=\"\" data-href=\"\" style=\"width: 249.00px;height: 249.00px;\"/></p>', 6171.00, 6848.00, 5432.00, '12号色', '512G', 20, 1, 23, 4.3, 1);
INSERT INTO `goods` VALUES (271, '华为Meta 30271', '华为Meta 30', '<p>2222222222233333333333333333</p><p><img src=\"http://localhost:80/goods/pic/1.jpg;\" alt=\"\" data-href=\"\" style=\"width: 249.00px;height: 249.00px;\"/><img src=\"http://localhost:80/goods/pic/3.jpg;\" alt=\"\" data-href=\"\" style=\"width: 249.00px;height: 249.00px;\"/></p>', 2494.00, 2483.00, 1639.00, '12号色', '512G', 20, 0, 24, 4.3, 0);
INSERT INTO `goods` VALUES (272, '华为Meta 31272', '华为Meta 31', '<p>2222222222233333333333333333</p><p><img src=\"http://localhost:80/goods/pic/1.jpg;\" alt=\"\" data-href=\"\" style=\"width: 249.00px;height: 249.00px;\"/><img src=\"http://localhost:80/goods/pic/3.jpg;\" alt=\"\" data-href=\"\" style=\"width: 249.00px;height: 249.00px;\"/></p>', 3192.00, 3814.00, 2201.00, '12号色', '512G', 20, 1, 25, 4.3, 0);
INSERT INTO `goods` VALUES (273, '华为Meta 32273', '华为Meta 32', '<p>2222222222233333333333333333</p><p><img src=\"http://localhost:80/goods/pic/1.jpg;\" alt=\"\" data-href=\"\" style=\"width: 249.00px;height: 249.00px;\"/><img src=\"http://localhost:80/goods/pic/3.jpg;\" alt=\"\" data-href=\"\" style=\"width: 249.00px;height: 249.00px;\"/></p>', 4374.00, 4556.00, 3363.00, '12号色', '512G', 20, 1, 26, 4.3, 0);
INSERT INTO `goods` VALUES (274, '华为Meta 33274', '华为Meta 33', '<p>2222222222233333333333333333</p><p><img src=\"http://localhost:80/goods/pic/1.jpg;\" alt=\"\" data-href=\"\" style=\"width: 249.00px;height: 249.00px;\"/><img src=\"http://localhost:80/goods/pic/3.jpg;\" alt=\"\" data-href=\"\" style=\"width: 249.00px;height: 249.00px;\"/></p>', 5074.00, 5533.00, 4651.00, '12号色', '512G', 20, 1, 27, 4.3, 0);
INSERT INTO `goods` VALUES (275, '华为Meta 34275', '华为Meta 34', '<p>2222222222233333333333333333</p><p><img src=\"http://localhost:80/goods/pic/1.jpg;\" alt=\"\" data-href=\"\" style=\"width: 249.00px;height: 249.00px;\"/><img src=\"http://localhost:80/goods/pic/3.jpg;\" alt=\"\" data-href=\"\" style=\"width: 249.00px;height: 249.00px;\"/></p>', 6311.00, 6761.00, 5580.00, '12号色', '512G', 20, 1, 28, 4.3, 1);
INSERT INTO `goods` VALUES (276, '华为Meta 35276', '华为Meta 35', '<p>2222222222233333333333333333</p><p><img src=\"http://localhost:80/goods/pic/1.jpg;\" alt=\"\" data-href=\"\" style=\"width: 249.00px;height: 249.00px;\"/><img src=\"http://localhost:80/goods/pic/3.jpg;\" alt=\"\" data-href=\"\" style=\"width: 249.00px;height: 249.00px;\"/></p>', 2438.00, 2779.00, 1287.00, '12号色', '512G', 20, 1, 29, 4.3, 0);
INSERT INTO `goods` VALUES (277, '华为nova 12 pro277', '华为nova 12 pro', '<p>2222222222233333333333333333</p><p><img src=\"http://localhost:80/goods/pic/1.jpg;\" alt=\"\" data-href=\"\" style=\"width: 249.00px;height: 249.00px;\"/><img src=\"http://localhost:80/goods/pic/3.jpg;\" alt=\"\" data-href=\"\" style=\"width: 249.00px;height: 249.00px;\"/></p>', 3255.00, 3675.00, 2319.00, '曜金黑', '512G', 20, 1, 30, 4.3, 0);
INSERT INTO `goods` VALUES (278, '诺基亚老人机278', '诺基亚老人机', '<p>2222222222233333333333333333</p><p><img src=\"http://localhost:80/goods/pic/1.jpg;\" alt=\"\" data-href=\"\" style=\"width: 249.00px;height: 249.00px;\"/><img src=\"http://localhost:80/goods/pic/3.jpg;\" alt=\"\" data-href=\"\" style=\"width: 249.00px;height: 249.00px;\"/></p>', 4340.00, 4613.00, 3253.00, '老人最喜欢的颜色', '12G+512G', 20, 1, 31, 4.3, 0);
INSERT INTO `goods` VALUES (279, '海尔智能AI电视机279', '海尔智能AI电视机', '<p>2222222222233333333333333333</p><p><img src=\"http://localhost:80/goods/pic/1.jpg;\" alt=\"\" data-href=\"\" style=\"width: 249.00px;height: 249.00px;\"/><img src=\"http://localhost:80/goods/pic/3.jpg;\" alt=\"\" data-href=\"\" style=\"width: 249.00px;height: 249.00px;\"/></p>', 5348.00, 5792.00, 4623.00, '会说话的颜色', '会讲普通话', 20, 1, 3, 4.3, 0);
INSERT INTO `goods` VALUES (280, '华为Meta 39280', '华为Meta 39', '<p>2222222222233333333333333333</p><p><img src=\"http://localhost:80/goods/pic/1.jpg;\" alt=\"\" data-href=\"\" style=\"width: 249.00px;height: 249.00px;\"/><img src=\"http://localhost:80/goods/pic/3.jpg;\" alt=\"\" data-href=\"\" style=\"width: 249.00px;height: 249.00px;\"/></p>', 6312.00, 6820.00, 5371.00, '12号色', '512G', 18, 1, 3, 4.3, 1);
INSERT INTO `goods` VALUES (281, '华为Meta 40281', '华为Meta 40', '<p>2222222222233333333333333333</p><p><img src=\"http://localhost:80/goods/pic/1.jpg;\" alt=\"\" data-href=\"\" style=\"width: 249.00px;height: 249.00px;\"/><img src=\"http://localhost:80/goods/pic/3.jpg;\" alt=\"\" data-href=\"\" style=\"width: 249.00px;height: 249.00px;\"/></p>', 2289.00, 2589.00, 1283.00, '12号色', '512G', 20, 0, 3, 4.3, 0);
INSERT INTO `goods` VALUES (282, '华为Meta 41282', '华为Meta 41', '<p>2222222222233333333333333333</p><p><img src=\"http://localhost:80/goods/pic/1.jpg;\" alt=\"\" data-href=\"\" style=\"width: 249.00px;height: 249.00px;\"/><img src=\"http://localhost:80/goods/pic/3.jpg;\" alt=\"\" data-href=\"\" style=\"width: 249.00px;height: 249.00px;\"/></p>', 3263.00, 3859.00, 2214.00, '12号色', '512G', 20, 1, 4, 4.3, 0);
INSERT INTO `goods` VALUES (283, '华为Meta 42283', '华为Meta 42', '<p>2222222222233333333333333333</p><p><img src=\"http://localhost:80/goods/pic/1.jpg;\" alt=\"\" data-href=\"\" style=\"width: 249.00px;height: 249.00px;\"/><img src=\"http://localhost:80/goods/pic/3.jpg;\" alt=\"\" data-href=\"\" style=\"width: 249.00px;height: 249.00px;\"/></p>', 4121.00, 4847.00, 3581.00, '12号色', '512G', 20, 1, 5, 4.3, 0);
INSERT INTO `goods` VALUES (284, '华为Meta 43284', '华为Meta 43', '<p>2222222222233333333333333333</p><p><img src=\"http://localhost:80/goods/pic/1.jpg;\" alt=\"\" data-href=\"\" style=\"width: 249.00px;height: 249.00px;\"/><img src=\"http://localhost:80/goods/pic/3.jpg;\" alt=\"\" data-href=\"\" style=\"width: 249.00px;height: 249.00px;\"/></p>', 5431.00, 5788.00, 4353.00, '12号色', '512G', 20, 1, 3, 4.3, 0);
INSERT INTO `goods` VALUES (285, '华为Meta 44285', '华为Meta 44', '<p>2222222222233333333333333333</p><p><img src=\"http://localhost:80/goods/pic/1.jpg;\" alt=\"\" data-href=\"\" style=\"width: 249.00px;height: 249.00px;\"/><img src=\"http://localhost:80/goods/pic/3.jpg;\" alt=\"\" data-href=\"\" style=\"width: 249.00px;height: 249.00px;\"/></p>', 6088.00, 6829.00, 5590.00, '12号色', '512G', 20, 1, 3, 4.3, 1);
INSERT INTO `goods` VALUES (286, '华为Meta 45286', '华为Meta 45', '<p>2222222222233333333333333333</p><p><img src=\"http://localhost:80/goods/pic/1.jpg;\" alt=\"\" data-href=\"\" style=\"width: 249.00px;height: 249.00px;\"/><img src=\"http://localhost:80/goods/pic/3.jpg;\" alt=\"\" data-href=\"\" style=\"width: 249.00px;height: 249.00px;\"/></p>', 2341.00, 2860.00, 1482.00, '12号色', '512G', 20, 1, 3, 4.3, 0);
INSERT INTO `goods` VALUES (287, '华为nova 12 pro287', '华为nova 12 pro', '<p>2222222222233333333333333333</p><p><img src=\"http://localhost:80/goods/pic/1.jpg;\" alt=\"\" data-href=\"\" style=\"width: 249.00px;height: 249.00px;\"/><img src=\"http://localhost:80/goods/pic/3.jpg;\" alt=\"\" data-href=\"\" style=\"width: 249.00px;height: 249.00px;\"/></p>', 3025.00, 3681.00, 2537.00, '曜金黑', '512G', 20, 1, 3, 4.3, 0);
INSERT INTO `goods` VALUES (288, '诺基亚老人机288', '诺基亚老人机', '<p>2222222222233333333333333333</p><p><img src=\"http://localhost:80/goods/pic/1.jpg;\" alt=\"\" data-href=\"\" style=\"width: 249.00px;height: 249.00px;\"/><img src=\"http://localhost:80/goods/pic/3.jpg;\" alt=\"\" data-href=\"\" style=\"width: 249.00px;height: 249.00px;\"/></p>', 4184.00, 4782.00, 3563.00, '老人最喜欢的颜色', '12G+512G', 20, 1, 3, 4.3, 0);
INSERT INTO `goods` VALUES (289, '海尔智能AI电视机289', '海尔智能AI电视机', '<p>2222222222233333333333333333</p><p><img src=\"http://localhost:80/goods/pic/1.jpg;\" alt=\"\" data-href=\"\" style=\"width: 249.00px;height: 249.00px;\"/><img src=\"http://localhost:80/goods/pic/3.jpg;\" alt=\"\" data-href=\"\" style=\"width: 249.00px;height: 249.00px;\"/></p>', 5054.00, 5532.00, 4205.00, '会说话的颜色', '会讲普通话', 20, 1, 11, 4.3, 0);
INSERT INTO `goods` VALUES (290, '华为Meta 4290', '华为Meta 4', '<p>2222222222233333333333333333</p><p><img src=\"http://localhost:80/goods/pic/1.jpg;\" alt=\"\" data-href=\"\" style=\"width: 249.00px;height: 249.00px;\"/><img src=\"http://localhost:80/goods/pic/3.jpg;\" alt=\"\" data-href=\"\" style=\"width: 249.00px;height: 249.00px;\"/></p>', 6095.00, 6418.00, 5514.00, '12号色', '512G', 20, 1, 12, 4.3, 1);
INSERT INTO `goods` VALUES (291, '华为Meta 5291', '华为Meta 5', '<p>2222222222233333333333333333</p><p><img src=\"http://localhost:80/goods/pic/1.jpg;\" alt=\"\" data-href=\"\" style=\"width: 249.00px;height: 249.00px;\"/><img src=\"http://localhost:80/goods/pic/3.jpg;\" alt=\"\" data-href=\"\" style=\"width: 249.00px;height: 249.00px;\"/></p>', 2011.00, 2464.00, 1494.00, '12号色', '512G', 20, 0, 13, 4.3, 0);
INSERT INTO `goods` VALUES (292, '华为Meta 6292', '华为Meta 6', '<p>2222222222233333333333333333</p><p><img src=\"http://localhost:80/goods/pic/1.jpg;\" alt=\"\" data-href=\"\" style=\"width: 249.00px;height: 249.00px;\"/><img src=\"http://localhost:80/goods/pic/3.jpg;\" alt=\"\" data-href=\"\" style=\"width: 249.00px;height: 249.00px;\"/></p>', 3336.00, 3573.00, 2565.00, '12号色', '512G', 20, 1, 14, 4.3, 0);
INSERT INTO `goods` VALUES (293, '华为Meta 7293', '华为Meta 7', '<p>2222222222233333333333333333</p><p><img src=\"http://localhost:80/goods/pic/1.jpg;\" alt=\"\" data-href=\"\" style=\"width: 249.00px;height: 249.00px;\"/><img src=\"http://localhost:80/goods/pic/3.jpg;\" alt=\"\" data-href=\"\" style=\"width: 249.00px;height: 249.00px;\"/></p>', 4164.00, 4635.00, 3388.00, '12号色', '512G', 20, 1, 15, 4.3, 0);
INSERT INTO `goods` VALUES (294, '华为Meta 8294', '华为Meta 8', '<p>2222222222233333333333333333</p><p><img src=\"http://localhost:80/goods/pic/1.jpg;\" alt=\"\" data-href=\"\" style=\"width: 249.00px;height: 249.00px;\"/><img src=\"http://localhost:80/goods/pic/3.jpg;\" alt=\"\" data-href=\"\" style=\"width: 249.00px;height: 249.00px;\"/></p>', 5120.00, 5489.00, 4291.00, '12号色', '512G', 20, 1, 16, 4.3, 0);
INSERT INTO `goods` VALUES (295, '华为Meta 96295', '华为Meta 96', '<p>2222222222233333333333333333</p><p><img src=\"http://localhost:80/goods/pic/1.jpg;\" alt=\"\" data-href=\"\" style=\"width: 249.00px;height: 249.00px;\"/><img src=\"http://localhost:80/goods/pic/3.jpg;\" alt=\"\" data-href=\"\" style=\"width: 249.00px;height: 249.00px;\"/></p>', 6008.00, 6500.00, 5682.00, '12号色', '512G', 20, 1, 17, 4.3, 1);
INSERT INTO `goods` VALUES (296, '华为Meta 10296', '华为Meta 10', '<p>2222222222233333333333333333</p><p><img src=\"http://localhost:80/goods/pic/1.jpg;\" alt=\"\" data-href=\"\" style=\"width: 249.00px;height: 249.00px;\"/><img src=\"http://localhost:80/goods/pic/3.jpg;\" alt=\"\" data-href=\"\" style=\"width: 249.00px;height: 249.00px;\"/></p>', 2269.00, 2868.00, 1241.00, '12号色', '512G', 20, 1, 18, 4.3, 0);
INSERT INTO `goods` VALUES (297, '华为nova 12 pro297', '华为nova 12 pro', '<p>2222222222233333333333333333</p><p><img src=\"http://localhost:80/goods/pic/1.jpg;\" alt=\"\" data-href=\"\" style=\"width: 249.00px;height: 249.00px;\"/><img src=\"http://localhost:80/goods/pic/3.jpg;\" alt=\"\" data-href=\"\" style=\"width: 249.00px;height: 249.00px;\"/></p>', 3297.00, 3793.00, 2283.00, '曜金黑', '512G', 20, 1, 19, 4.3, 0);
INSERT INTO `goods` VALUES (298, '诺基亚老人机298', '诺基亚老人机', '<p>2222222222233333333333333333</p><p><img src=\"http://localhost:80/goods/pic/1.jpg;\" alt=\"\" data-href=\"\" style=\"width: 249.00px;height: 249.00px;\"/><img src=\"http://localhost:80/goods/pic/3.jpg;\" alt=\"\" data-href=\"\" style=\"width: 249.00px;height: 249.00px;\"/></p>', 4227.00, 4474.00, 3399.00, '老人最喜欢的颜色', '12G+512G', 20, 1, 20, 4.3, 0);
INSERT INTO `goods` VALUES (299, '海尔智能AI电视机299', '海尔智能AI电视机', '<p>2222222222233333333333333333</p><p><img src=\"http://localhost:80/goods/pic/1.jpg;\" alt=\"\" data-href=\"\" style=\"width: 249.00px;height: 249.00px;\"/><img src=\"http://localhost:80/goods/pic/3.jpg;\" alt=\"\" data-href=\"\" style=\"width: 249.00px;height: 249.00px;\"/></p>', 5183.00, 5544.00, 4380.00, '会说话的颜色', '会讲普通话', 20, 1, 21, 4.3, 0);
INSERT INTO `goods` VALUES (300, '华为Meta 14300', '华为Meta 14', '<p>2222222222233333333333333333</p><p><img src=\"http://localhost:80/goods/pic/1.jpg;\" alt=\"\" data-href=\"\" style=\"width: 249.00px;height: 249.00px;\"/><img src=\"http://localhost:80/goods/pic/3.jpg;\" alt=\"\" data-href=\"\" style=\"width: 249.00px;height: 249.00px;\"/></p>', 6105.00, 6483.00, 5306.00, '12号色', '512G', 20, 1, 22, 4.3, 1);
INSERT INTO `goods` VALUES (301, '华为Meta 15301', '华为Meta 15', '<p>2222222222233333333333333333</p><p><img src=\"http://localhost:80/goods/pic/1.jpg;\" alt=\"\" data-href=\"\" style=\"width: 249.00px;height: 249.00px;\"/><img src=\"http://localhost:80/goods/pic/3.jpg;\" alt=\"\" data-href=\"\" style=\"width: 249.00px;height: 249.00px;\"/></p>', 2291.00, 2737.00, 1519.00, '12号色', '512G', 20, 0, 23, 4.3, 0);
INSERT INTO `goods` VALUES (302, '华为Meta 16302', '华为Meta 16', '<p>2222222222233333333333333333</p><p><img src=\"http://localhost:80/goods/pic/1.jpg;\" alt=\"\" data-href=\"\" style=\"width: 249.00px;height: 249.00px;\"/><img src=\"http://localhost:80/goods/pic/3.jpg;\" alt=\"\" data-href=\"\" style=\"width: 249.00px;height: 249.00px;\"/></p>', 3228.00, 3793.00, 2491.00, '12号色', '512G', 20, 1, 24, 4.3, 0);
INSERT INTO `goods` VALUES (303, '华为Meta 17303', '华为Meta 17', '<p>2222222222233333333333333333</p><p><img src=\"http://localhost:80/goods/pic/1.jpg;\" alt=\"\" data-href=\"\" style=\"width: 249.00px;height: 249.00px;\"/><img src=\"http://localhost:80/goods/pic/3.jpg;\" alt=\"\" data-href=\"\" style=\"width: 249.00px;height: 249.00px;\"/></p>', 4263.00, 4623.00, 3533.00, '12号色', '512G', 20, 1, 25, 4.3, 0);
INSERT INTO `goods` VALUES (304, '华为Meta 18304', '华为Meta 18', '<p>2222222222233333333333333333</p><p><img src=\"http://localhost:80/goods/pic/1.jpg;\" alt=\"\" data-href=\"\" style=\"width: 249.00px;height: 249.00px;\"/><img src=\"http://localhost:80/goods/pic/3.jpg;\" alt=\"\" data-href=\"\" style=\"width: 249.00px;height: 249.00px;\"/></p>', 5459.00, 5660.00, 4628.00, '12号色', '512G', 20, 1, 26, 4.3, 0);
INSERT INTO `goods` VALUES (305, '华为Meta 19305', '华为Meta 19', '<p>2222222222233333333333333333</p><p><img src=\"http://localhost:80/goods/pic/1.jpg;\" alt=\"\" data-href=\"\" style=\"width: 249.00px;height: 249.00px;\"/><img src=\"http://localhost:80/goods/pic/3.jpg;\" alt=\"\" data-href=\"\" style=\"width: 249.00px;height: 249.00px;\"/></p>', 6275.00, 6457.00, 5670.00, '12号色', '512G', 20, 1, 27, 4.3, 1);
INSERT INTO `goods` VALUES (306, '华为Meta 20306', '华为Meta 20', '<p>2222222222233333333333333333</p><p><img src=\"http://localhost:80/goods/pic/1.jpg;\" alt=\"\" data-href=\"\" style=\"width: 249.00px;height: 249.00px;\"/><img src=\"http://localhost:80/goods/pic/3.jpg;\" alt=\"\" data-href=\"\" style=\"width: 249.00px;height: 249.00px;\"/></p>', 2079.00, 2839.00, 1663.00, '12号色', '512G', 20, 1, 28, 4.3, 0);
INSERT INTO `goods` VALUES (307, '华为nova 12 pro307', '华为nova 12 pro', '<p>2222222222233333333333333333</p><p><img src=\"http://localhost:80/goods/pic/1.jpg;\" alt=\"\" data-href=\"\" style=\"width: 249.00px;height: 249.00px;\"/><img src=\"http://localhost:80/goods/pic/3.jpg;\" alt=\"\" data-href=\"\" style=\"width: 249.00px;height: 249.00px;\"/></p>', 3266.00, 3862.00, 2217.00, '曜金黑', '512G', 20, 1, 29, 4.3, 0);
INSERT INTO `goods` VALUES (308, '诺基亚老人机308', '诺基亚老人机', '<p>2222222222233333333333333333</p><p><img src=\"http://localhost:80/goods/pic/1.jpg;\" alt=\"\" data-href=\"\" style=\"width: 249.00px;height: 249.00px;\"/><img src=\"http://localhost:80/goods/pic/3.jpg;\" alt=\"\" data-href=\"\" style=\"width: 249.00px;height: 249.00px;\"/></p>', 4487.00, 4838.00, 3439.00, '老人最喜欢的颜色', '12G+512G', 20, 1, 30, 4.3, 0);
INSERT INTO `goods` VALUES (309, '海尔智能AI电视机309', '海尔智能AI电视机', '<p>2222222222233333333333333333</p><p><img src=\"http://localhost:80/goods/pic/1.jpg;\" alt=\"\" data-href=\"\" style=\"width: 249.00px;height: 249.00px;\"/><img src=\"http://localhost:80/goods/pic/3.jpg;\" alt=\"\" data-href=\"\" style=\"width: 249.00px;height: 249.00px;\"/></p>', 5355.00, 5894.00, 4613.00, '会说话的颜色', '会讲普通话', 20, 1, 31, 4.3, 0);
INSERT INTO `goods` VALUES (310, '华为Meta 29310', '华为Meta 29', '<p>2222222222233333333333333333</p><p><img src=\"http://localhost:80/goods/pic/1.jpg;\" alt=\"\" data-href=\"\" style=\"width: 249.00px;height: 249.00px;\"/><img src=\"http://localhost:80/goods/pic/3.jpg;\" alt=\"\" data-href=\"\" style=\"width: 249.00px;height: 249.00px;\"/></p>', 6171.00, 6848.00, 5432.00, '12号色', '512G', 20, 1, 3, 4.3, 1);
INSERT INTO `goods` VALUES (311, '华为Meta 30311', '华为Meta 30', '<p>2222222222233333333333333333</p><p><img src=\"http://localhost:80/goods/pic/1.jpg;\" alt=\"\" data-href=\"\" style=\"width: 249.00px;height: 249.00px;\"/><img src=\"http://localhost:80/goods/pic/3.jpg;\" alt=\"\" data-href=\"\" style=\"width: 249.00px;height: 249.00px;\"/></p>', 2494.00, 2483.00, 1639.00, '12号色', '512G', 20, 0, 3, 4.3, 0);
INSERT INTO `goods` VALUES (312, '华为Meta 31312', '华为Meta 31', '<p>2222222222233333333333333333</p><p><img src=\"http://localhost:80/goods/pic/1.jpg;\" alt=\"\" data-href=\"\" style=\"width: 249.00px;height: 249.00px;\"/><img src=\"http://localhost:80/goods/pic/3.jpg;\" alt=\"\" data-href=\"\" style=\"width: 249.00px;height: 249.00px;\"/></p>', 3192.00, 3814.00, 2201.00, '12号色', '512G', 20, 1, 3, 4.3, 0);
INSERT INTO `goods` VALUES (313, '华为Meta 32313', '华为Meta 32', '<p>2222222222233333333333333333</p><p><img src=\"http://localhost:80/goods/pic/1.jpg;\" alt=\"\" data-href=\"\" style=\"width: 249.00px;height: 249.00px;\"/><img src=\"http://localhost:80/goods/pic/3.jpg;\" alt=\"\" data-href=\"\" style=\"width: 249.00px;height: 249.00px;\"/></p>', 4374.00, 4556.00, 3363.00, '12号色', '512G', 20, 1, 4, 4.3, 0);
INSERT INTO `goods` VALUES (314, '华为Meta 33314', '华为Meta 33', '<p>2222222222233333333333333333</p><p><img src=\"http://localhost:80/goods/pic/1.jpg;\" alt=\"\" data-href=\"\" style=\"width: 249.00px;height: 249.00px;\"/><img src=\"http://localhost:80/goods/pic/3.jpg;\" alt=\"\" data-href=\"\" style=\"width: 249.00px;height: 249.00px;\"/></p>', 5074.00, 5533.00, 4651.00, '12号色', '512G', 20, 1, 5, 4.3, 0);
INSERT INTO `goods` VALUES (315, '华为Meta 34315', '华为Meta 34', '<p>2222222222233333333333333333</p><p><img src=\"http://localhost:80/goods/pic/1.jpg;\" alt=\"\" data-href=\"\" style=\"width: 249.00px;height: 249.00px;\"/><img src=\"http://localhost:80/goods/pic/3.jpg;\" alt=\"\" data-href=\"\" style=\"width: 249.00px;height: 249.00px;\"/></p>', 6311.00, 6761.00, 5580.00, '12号色', '512G', 19, 1, 3, 4.3, 1);
INSERT INTO `goods` VALUES (316, '华为Meta 35316', '华为Meta 35', '<p>2222222222233333333333333333</p><p><img src=\"http://localhost:80/goods/pic/1.jpg;\" alt=\"\" data-href=\"\" style=\"width: 249.00px;height: 249.00px;\"/><img src=\"http://localhost:80/goods/pic/3.jpg;\" alt=\"\" data-href=\"\" style=\"width: 249.00px;height: 249.00px;\"/></p>', 2438.00, 2779.00, 1287.00, '12号色', '512G', 20, 1, 3, 4.3, 0);
INSERT INTO `goods` VALUES (317, '华为nova 12 pro317', '华为nova 12 pro', '<p>2222222222233333333333333333</p><p><img src=\"http://localhost:80/goods/pic/1.jpg;\" alt=\"\" data-href=\"\" style=\"width: 249.00px;height: 249.00px;\"/><img src=\"http://localhost:80/goods/pic/3.jpg;\" alt=\"\" data-href=\"\" style=\"width: 249.00px;height: 249.00px;\"/></p>', 3255.00, 3675.00, 2319.00, '曜金黑', '512G', 20, 1, 3, 4.3, 0);
INSERT INTO `goods` VALUES (318, '诺基亚老人机318', '诺基亚老人机', '<p>2222222222233333333333333333</p><p><img src=\"http://localhost:80/goods/pic/1.jpg;\" alt=\"\" data-href=\"\" style=\"width: 249.00px;height: 249.00px;\"/><img src=\"http://localhost:80/goods/pic/3.jpg;\" alt=\"\" data-href=\"\" style=\"width: 249.00px;height: 249.00px;\"/></p>', 4340.00, 4613.00, 3253.00, '老人最喜欢的颜色', '12G+512G', 20, 1, 3, 4.3, 0);
INSERT INTO `goods` VALUES (319, '海尔智能AI电视机319', '海尔智能AI电视机', '<p>2222222222233333333333333333</p><p><img src=\"http://localhost:80/goods/pic/1.jpg;\" alt=\"\" data-href=\"\" style=\"width: 249.00px;height: 249.00px;\"/><img src=\"http://localhost:80/goods/pic/3.jpg;\" alt=\"\" data-href=\"\" style=\"width: 249.00px;height: 249.00px;\"/></p>', 5348.00, 5792.00, 4623.00, '会说话的颜色', '会讲普通话', 20, 1, 3, 4.3, 0);
INSERT INTO `goods` VALUES (320, '华为Meta 39320', '华为Meta 39', '<p>2222222222233333333333333333</p><p><img src=\"http://localhost:80/goods/pic/1.jpg;\" alt=\"\" data-href=\"\" style=\"width: 249.00px;height: 249.00px;\"/><img src=\"http://localhost:80/goods/pic/3.jpg;\" alt=\"\" data-href=\"\" style=\"width: 249.00px;height: 249.00px;\"/></p>', 6312.00, 6820.00, 5371.00, '12号色', '512G', 20, 1, 11, 4.3, 1);
INSERT INTO `goods` VALUES (321, '华为Meta 40321', '华为Meta 40', '<p>2222222222233333333333333333</p><p><img src=\"http://localhost:80/goods/pic/1.jpg;\" alt=\"\" data-href=\"\" style=\"width: 249.00px;height: 249.00px;\"/><img src=\"http://localhost:80/goods/pic/3.jpg;\" alt=\"\" data-href=\"\" style=\"width: 249.00px;height: 249.00px;\"/></p>', 2289.00, 2589.00, 1283.00, '12号色', '512G', 20, 0, 12, 4.3, 0);
INSERT INTO `goods` VALUES (322, '华为Meta 41322', '华为Meta 41', '<p>2222222222233333333333333333</p><p><img src=\"http://localhost:80/goods/pic/1.jpg;\" alt=\"\" data-href=\"\" style=\"width: 249.00px;height: 249.00px;\"/><img src=\"http://localhost:80/goods/pic/3.jpg;\" alt=\"\" data-href=\"\" style=\"width: 249.00px;height: 249.00px;\"/></p>', 3263.00, 3859.00, 2214.00, '12号色', '512G', 20, 1, 13, 4.3, 0);
INSERT INTO `goods` VALUES (323, '华为Meta 42323', '华为Meta 42', '<p>2222222222233333333333333333</p><p><img src=\"http://localhost:80/goods/pic/1.jpg;\" alt=\"\" data-href=\"\" style=\"width: 249.00px;height: 249.00px;\"/><img src=\"http://localhost:80/goods/pic/3.jpg;\" alt=\"\" data-href=\"\" style=\"width: 249.00px;height: 249.00px;\"/></p>', 4121.00, 4847.00, 3581.00, '12号色', '512G', 20, 1, 14, 4.3, 0);
INSERT INTO `goods` VALUES (324, '华为Meta 43324', '华为Meta 43', '<p>2222222222233333333333333333</p><p><img src=\"http://localhost:80/goods/pic/1.jpg;\" alt=\"\" data-href=\"\" style=\"width: 249.00px;height: 249.00px;\"/><img src=\"http://localhost:80/goods/pic/3.jpg;\" alt=\"\" data-href=\"\" style=\"width: 249.00px;height: 249.00px;\"/></p>', 5431.00, 5788.00, 4353.00, '12号色', '512G', 20, 1, 15, 4.3, 0);
INSERT INTO `goods` VALUES (325, '华为Meta 44325', '华为Meta 44', '<p>2222222222233333333333333333</p><p><img src=\"http://localhost:80/goods/pic/1.jpg;\" alt=\"\" data-href=\"\" style=\"width: 249.00px;height: 249.00px;\"/><img src=\"http://localhost:80/goods/pic/3.jpg;\" alt=\"\" data-href=\"\" style=\"width: 249.00px;height: 249.00px;\"/></p>', 6088.00, 6829.00, 5590.00, '12号色', '512G', 20, 1, 16, 4.3, 1);
INSERT INTO `goods` VALUES (326, '华为Meta 45326', '华为Meta 45', '<p>2222222222233333333333333333</p><p><img src=\"http://localhost:80/goods/pic/1.jpg;\" alt=\"\" data-href=\"\" style=\"width: 249.00px;height: 249.00px;\"/><img src=\"http://localhost:80/goods/pic/3.jpg;\" alt=\"\" data-href=\"\" style=\"width: 249.00px;height: 249.00px;\"/></p>', 2341.00, 2860.00, 1482.00, '12号色', '512G', 20, 1, 17, 4.3, 0);
INSERT INTO `goods` VALUES (327, '华为nova 12 pro327', '华为nova 12 pro', '<p>2222222222233333333333333333</p><p><img src=\"http://localhost:80/goods/pic/1.jpg;\" alt=\"\" data-href=\"\" style=\"width: 249.00px;height: 249.00px;\"/><img src=\"http://localhost:80/goods/pic/3.jpg;\" alt=\"\" data-href=\"\" style=\"width: 249.00px;height: 249.00px;\"/></p>', 3025.00, 3681.00, 2537.00, '曜金黑', '512G', 20, 1, 18, 4.3, 0);
INSERT INTO `goods` VALUES (328, '诺基亚老人机328', '诺基亚老人机', '<p>2222222222233333333333333333</p><p><img src=\"http://localhost:80/goods/pic/1.jpg;\" alt=\"\" data-href=\"\" style=\"width: 249.00px;height: 249.00px;\"/><img src=\"http://localhost:80/goods/pic/3.jpg;\" alt=\"\" data-href=\"\" style=\"width: 249.00px;height: 249.00px;\"/></p>', 4184.00, 4782.00, 3563.00, '老人最喜欢的颜色', '12G+512G', 20, 1, 19, 4.3, 0);
INSERT INTO `goods` VALUES (329, '海尔智能AI电视机329', '海尔智能AI电视机', '<p>2222222222233333333333333333</p><p><img src=\"http://localhost:80/goods/pic/1.jpg;\" alt=\"\" data-href=\"\" style=\"width: 249.00px;height: 249.00px;\"/><img src=\"http://localhost:80/goods/pic/3.jpg;\" alt=\"\" data-href=\"\" style=\"width: 249.00px;height: 249.00px;\"/></p>', 5054.00, 5532.00, 4205.00, '会说话的颜色', '会讲普通话', 20, 1, 20, 4.3, 0);
INSERT INTO `goods` VALUES (330, '华为Meta 4330', '华为Meta 4', '<p>2222222222233333333333333333</p><p><img src=\"http://localhost:80/goods/pic/1.jpg;\" alt=\"\" data-href=\"\" style=\"width: 249.00px;height: 249.00px;\"/><img src=\"http://localhost:80/goods/pic/3.jpg;\" alt=\"\" data-href=\"\" style=\"width: 249.00px;height: 249.00px;\"/></p>', 6095.00, 6418.00, 5514.00, '12号色', '512G', 20, 1, 21, 4.3, 1);
INSERT INTO `goods` VALUES (331, '华为Meta 5331', '华为Meta 5', '<p>2222222222233333333333333333</p><p><img src=\"http://localhost:80/goods/pic/1.jpg;\" alt=\"\" data-href=\"\" style=\"width: 249.00px;height: 249.00px;\"/><img src=\"http://localhost:80/goods/pic/3.jpg;\" alt=\"\" data-href=\"\" style=\"width: 249.00px;height: 249.00px;\"/></p>', 2011.00, 2464.00, 1494.00, '12号色', '512G', 20, 0, 22, 4.3, 0);
INSERT INTO `goods` VALUES (332, '华为Meta 6332', '华为Meta 6', '<p>2222222222233333333333333333</p><p><img src=\"http://localhost:80/goods/pic/1.jpg;\" alt=\"\" data-href=\"\" style=\"width: 249.00px;height: 249.00px;\"/><img src=\"http://localhost:80/goods/pic/3.jpg;\" alt=\"\" data-href=\"\" style=\"width: 249.00px;height: 249.00px;\"/></p>', 3336.00, 3573.00, 2565.00, '12号色', '512G', 20, 1, 23, 4.3, 0);
INSERT INTO `goods` VALUES (333, '华为Meta 7333', '华为Meta 7', '<p>2222222222233333333333333333</p><p><img src=\"http://localhost:80/goods/pic/1.jpg;\" alt=\"\" data-href=\"\" style=\"width: 249.00px;height: 249.00px;\"/><img src=\"http://localhost:80/goods/pic/3.jpg;\" alt=\"\" data-href=\"\" style=\"width: 249.00px;height: 249.00px;\"/></p>', 4164.00, 4635.00, 3388.00, '12号色', '512G', 20, 1, 24, 4.3, 0);
INSERT INTO `goods` VALUES (334, '华为Meta 8334', '华为Meta 8', '<p>2222222222233333333333333333</p><p><img src=\"http://localhost:80/goods/pic/1.jpg;\" alt=\"\" data-href=\"\" style=\"width: 249.00px;height: 249.00px;\"/><img src=\"http://localhost:80/goods/pic/3.jpg;\" alt=\"\" data-href=\"\" style=\"width: 249.00px;height: 249.00px;\"/></p>', 5120.00, 5489.00, 4291.00, '12号色', '512G', 20, 1, 25, 4.3, 0);
INSERT INTO `goods` VALUES (335, '华为Meta 97335', '华为Meta 97', '<p>2222222222233333333333333333</p><p><img src=\"http://localhost:80/goods/pic/1.jpg;\" alt=\"\" data-href=\"\" style=\"width: 249.00px;height: 249.00px;\"/><img src=\"http://localhost:80/goods/pic/3.jpg;\" alt=\"\" data-href=\"\" style=\"width: 249.00px;height: 249.00px;\"/></p>', 6008.00, 6500.00, 5682.00, '12号色', '512G', 20, 1, 26, 4.3, 1);
INSERT INTO `goods` VALUES (336, '华为Meta 10336', '华为Meta 10', '<p>2222222222233333333333333333</p><p><img src=\"http://localhost:80/goods/pic/1.jpg;\" alt=\"\" data-href=\"\" style=\"width: 249.00px;height: 249.00px;\"/><img src=\"http://localhost:80/goods/pic/3.jpg;\" alt=\"\" data-href=\"\" style=\"width: 249.00px;height: 249.00px;\"/></p>', 2269.00, 2868.00, 1241.00, '12号色', '512G', 20, 1, 27, 4.3, 0);
INSERT INTO `goods` VALUES (337, '华为nova 12 pro337', '华为nova 12 pro', '<p>2222222222233333333333333333</p><p><img src=\"http://localhost:80/goods/pic/1.jpg;\" alt=\"\" data-href=\"\" style=\"width: 249.00px;height: 249.00px;\"/><img src=\"http://localhost:80/goods/pic/3.jpg;\" alt=\"\" data-href=\"\" style=\"width: 249.00px;height: 249.00px;\"/></p>', 3297.00, 3793.00, 2283.00, '曜金黑', '512G', 20, 1, 28, 4.3, 0);
INSERT INTO `goods` VALUES (338, '诺基亚老人机338', '诺基亚老人机', '<p>2222222222233333333333333333</p><p><img src=\"http://localhost:80/goods/pic/1.jpg;\" alt=\"\" data-href=\"\" style=\"width: 249.00px;height: 249.00px;\"/><img src=\"http://localhost:80/goods/pic/3.jpg;\" alt=\"\" data-href=\"\" style=\"width: 249.00px;height: 249.00px;\"/></p>', 4227.00, 4474.00, 3399.00, '老人最喜欢的颜色', '12G+512G', 20, 1, 29, 4.3, 0);
INSERT INTO `goods` VALUES (339, '海尔智能AI电视机339', '海尔智能AI电视机', '<p>2222222222233333333333333333</p><p><img src=\"http://localhost:80/goods/pic/1.jpg;\" alt=\"\" data-href=\"\" style=\"width: 249.00px;height: 249.00px;\"/><img src=\"http://localhost:80/goods/pic/3.jpg;\" alt=\"\" data-href=\"\" style=\"width: 249.00px;height: 249.00px;\"/></p>', 5183.00, 5544.00, 4380.00, '会说话的颜色', '会讲普通话', 20, 1, 30, 4.3, 0);
INSERT INTO `goods` VALUES (340, '华为Meta 14340', '华为Meta 14', '<p>2222222222233333333333333333</p><p><img src=\"http://localhost:80/goods/pic/1.jpg;\" alt=\"\" data-href=\"\" style=\"width: 249.00px;height: 249.00px;\"/><img src=\"http://localhost:80/goods/pic/3.jpg;\" alt=\"\" data-href=\"\" style=\"width: 249.00px;height: 249.00px;\"/></p>', 6105.00, 6483.00, 5306.00, '12号色', '512G', 20, 1, 31, 4.3, 1);
INSERT INTO `goods` VALUES (341, '华为Meta 15341', '华为Meta 15', '<p>2222222222233333333333333333</p><p><img src=\"http://localhost:80/goods/pic/1.jpg;\" alt=\"\" data-href=\"\" style=\"width: 249.00px;height: 249.00px;\"/><img src=\"http://localhost:80/goods/pic/3.jpg;\" alt=\"\" data-href=\"\" style=\"width: 249.00px;height: 249.00px;\"/></p>', 2291.00, 2737.00, 1519.00, '12号色', '512G', 20, 0, 3, 4.3, 0);
INSERT INTO `goods` VALUES (342, '华为Meta 16342', '华为Meta 16', '<p>2222222222233333333333333333</p><p><img src=\"http://localhost:80/goods/pic/1.jpg;\" alt=\"\" data-href=\"\" style=\"width: 249.00px;height: 249.00px;\"/><img src=\"http://localhost:80/goods/pic/3.jpg;\" alt=\"\" data-href=\"\" style=\"width: 249.00px;height: 249.00px;\"/></p>', 3228.00, 3793.00, 2491.00, '12号色', '512G', 20, 1, 3, 4.3, 0);
INSERT INTO `goods` VALUES (343, '华为Meta 17343', '华为Meta 17', '<p>2222222222233333333333333333</p><p><img src=\"http://localhost:80/goods/pic/1.jpg;\" alt=\"\" data-href=\"\" style=\"width: 249.00px;height: 249.00px;\"/><img src=\"http://localhost:80/goods/pic/3.jpg;\" alt=\"\" data-href=\"\" style=\"width: 249.00px;height: 249.00px;\"/></p>', 4263.00, 4623.00, 3533.00, '12号色', '512G', 20, 1, 3, 4.3, 0);
INSERT INTO `goods` VALUES (344, '华为Meta 18344', '华为Meta 18', '<p>2222222222233333333333333333</p><p><img src=\"http://localhost:80/goods/pic/1.jpg;\" alt=\"\" data-href=\"\" style=\"width: 249.00px;height: 249.00px;\"/><img src=\"http://localhost:80/goods/pic/3.jpg;\" alt=\"\" data-href=\"\" style=\"width: 249.00px;height: 249.00px;\"/></p>', 5459.00, 5660.00, 4628.00, '12号色', '512G', 20, 1, 4, 4.3, 0);
INSERT INTO `goods` VALUES (345, '华为Meta 19345', '华为Meta 19', '<p>2222222222233333333333333333</p><p><img src=\"http://localhost:80/goods/pic/1.jpg;\" alt=\"\" data-href=\"\" style=\"width: 249.00px;height: 249.00px;\"/><img src=\"http://localhost:80/goods/pic/3.jpg;\" alt=\"\" data-href=\"\" style=\"width: 249.00px;height: 249.00px;\"/></p>', 6275.00, 6457.00, 5670.00, '12号色', '512G', 20, 1, 5, 4.3, 1);
INSERT INTO `goods` VALUES (346, '华为Meta 20346', '华为Meta 20', '<p>2222222222233333333333333333</p><p><img src=\"http://localhost:80/goods/pic/1.jpg;\" alt=\"\" data-href=\"\" style=\"width: 249.00px;height: 249.00px;\"/><img src=\"http://localhost:80/goods/pic/3.jpg;\" alt=\"\" data-href=\"\" style=\"width: 249.00px;height: 249.00px;\"/></p>', 2079.00, 2839.00, 1663.00, '12号色', '512G', 20, 1, 3, 4.3, 0);
INSERT INTO `goods` VALUES (347, '华为nova 12 pro347', '华为nova 12 pro', '<p>2222222222233333333333333333</p><p><img src=\"http://localhost:80/goods/pic/1.jpg;\" alt=\"\" data-href=\"\" style=\"width: 249.00px;height: 249.00px;\"/><img src=\"http://localhost:80/goods/pic/3.jpg;\" alt=\"\" data-href=\"\" style=\"width: 249.00px;height: 249.00px;\"/></p>', 3266.00, 3862.00, 2217.00, '曜金黑', '512G', 20, 1, 3, 4.3, 0);
INSERT INTO `goods` VALUES (348, '诺基亚老人机348', '诺基亚老人机', '<p>2222222222233333333333333333</p><p><img src=\"http://localhost:80/goods/pic/1.jpg;\" alt=\"\" data-href=\"\" style=\"width: 249.00px;height: 249.00px;\"/><img src=\"http://localhost:80/goods/pic/3.jpg;\" alt=\"\" data-href=\"\" style=\"width: 249.00px;height: 249.00px;\"/></p>', 4487.00, 4838.00, 3439.00, '老人最喜欢的颜色', '12G+512G', 20, 1, 3, 4.3, 0);
INSERT INTO `goods` VALUES (349, '海尔智能AI电视机349', '海尔智能AI电视机', '<p>2222222222233333333333333333</p><p><img src=\"http://localhost:80/goods/pic/1.jpg;\" alt=\"\" data-href=\"\" style=\"width: 249.00px;height: 249.00px;\"/><img src=\"http://localhost:80/goods/pic/3.jpg;\" alt=\"\" data-href=\"\" style=\"width: 249.00px;height: 249.00px;\"/></p>', 5355.00, 5894.00, 4613.00, '会说话的颜色', '会讲普通话', 20, 1, 3, 4.3, 0);
INSERT INTO `goods` VALUES (350, '华为Meta 29350', '华为Meta 29', '<p>2222222222233333333333333333</p><p><img src=\"http://localhost:80/goods/pic/1.jpg;\" alt=\"\" data-href=\"\" style=\"width: 249.00px;height: 249.00px;\"/><img src=\"http://localhost:80/goods/pic/3.jpg;\" alt=\"\" data-href=\"\" style=\"width: 249.00px;height: 249.00px;\"/></p>', 6171.00, 6848.00, 5432.00, '12号色', '512G', 18, 1, 3, 4.3, 1);
INSERT INTO `goods` VALUES (351, '华为Meta 30351', '华为Meta 30', '<p>2222222222233333333333333333</p><p><img src=\"http://localhost:80/goods/pic/1.jpg;\" alt=\"\" data-href=\"\" style=\"width: 249.00px;height: 249.00px;\"/><img src=\"http://localhost:80/goods/pic/3.jpg;\" alt=\"\" data-href=\"\" style=\"width: 249.00px;height: 249.00px;\"/></p>', 2494.00, 2483.00, 1639.00, '12号色', '512G', 20, 0, 11, 4.3, 0);
INSERT INTO `goods` VALUES (352, '华为Meta 31352', '华为Meta 31', '<p>2222222222233333333333333333</p><p><img src=\"http://localhost:80/goods/pic/1.jpg;\" alt=\"\" data-href=\"\" style=\"width: 249.00px;height: 249.00px;\"/><img src=\"http://localhost:80/goods/pic/3.jpg;\" alt=\"\" data-href=\"\" style=\"width: 249.00px;height: 249.00px;\"/></p>', 3192.00, 3814.00, 2201.00, '12号色', '512G', 20, 1, 12, 4.3, 0);
INSERT INTO `goods` VALUES (353, '华为Meta 32353', '华为Meta 32', '<p>2222222222233333333333333333</p><p><img src=\"http://localhost:80/goods/pic/1.jpg;\" alt=\"\" data-href=\"\" style=\"width: 249.00px;height: 249.00px;\"/><img src=\"http://localhost:80/goods/pic/3.jpg;\" alt=\"\" data-href=\"\" style=\"width: 249.00px;height: 249.00px;\"/></p>', 4374.00, 4556.00, 3363.00, '12号色', '512G', 20, 1, 13, 4.3, 0);
INSERT INTO `goods` VALUES (354, '华为Meta 33354', '华为Meta 33', '<p>2222222222233333333333333333</p><p><img src=\"http://localhost:80/goods/pic/1.jpg;\" alt=\"\" data-href=\"\" style=\"width: 249.00px;height: 249.00px;\"/><img src=\"http://localhost:80/goods/pic/3.jpg;\" alt=\"\" data-href=\"\" style=\"width: 249.00px;height: 249.00px;\"/></p>', 5074.00, 5533.00, 4651.00, '12号色', '512G', 20, 1, 14, 4.3, 0);
INSERT INTO `goods` VALUES (355, '华为Meta 34355', '华为Meta 34', '<p>2222222222233333333333333333</p><p><img src=\"http://localhost:80/goods/pic/1.jpg;\" alt=\"\" data-href=\"\" style=\"width: 249.00px;height: 249.00px;\"/><img src=\"http://localhost:80/goods/pic/3.jpg;\" alt=\"\" data-href=\"\" style=\"width: 249.00px;height: 249.00px;\"/></p>', 6311.00, 6761.00, 5580.00, '12号色', '512G', 20, 1, 15, 4.3, 1);
INSERT INTO `goods` VALUES (356, '华为Meta 35356', '华为Meta 35', '<p>2222222222233333333333333333</p><p><img src=\"http://localhost:80/goods/pic/1.jpg;\" alt=\"\" data-href=\"\" style=\"width: 249.00px;height: 249.00px;\"/><img src=\"http://localhost:80/goods/pic/3.jpg;\" alt=\"\" data-href=\"\" style=\"width: 249.00px;height: 249.00px;\"/></p>', 2438.00, 2779.00, 1287.00, '12号色', '512G', 20, 1, 16, 4.3, 0);
INSERT INTO `goods` VALUES (357, '华为nova 12 pro357', '华为nova 12 pro', '<p>2222222222233333333333333333</p><p><img src=\"http://localhost:80/goods/pic/1.jpg;\" alt=\"\" data-href=\"\" style=\"width: 249.00px;height: 249.00px;\"/><img src=\"http://localhost:80/goods/pic/3.jpg;\" alt=\"\" data-href=\"\" style=\"width: 249.00px;height: 249.00px;\"/></p>', 3255.00, 3675.00, 2319.00, '曜金黑', '512G', 20, 1, 17, 4.3, 0);
INSERT INTO `goods` VALUES (358, '诺基亚老人机358', '诺基亚老人机', '<p>2222222222233333333333333333</p><p><img src=\"http://localhost:80/goods/pic/1.jpg;\" alt=\"\" data-href=\"\" style=\"width: 249.00px;height: 249.00px;\"/><img src=\"http://localhost:80/goods/pic/3.jpg;\" alt=\"\" data-href=\"\" style=\"width: 249.00px;height: 249.00px;\"/></p>', 4340.00, 4613.00, 3253.00, '老人最喜欢的颜色', '12G+512G', 20, 1, 18, 4.3, 0);
INSERT INTO `goods` VALUES (359, '海尔智能AI电视机359', '海尔智能AI电视机', '<p>2222222222233333333333333333</p><p><img src=\"http://localhost:80/goods/pic/1.jpg;\" alt=\"\" data-href=\"\" style=\"width: 249.00px;height: 249.00px;\"/><img src=\"http://localhost:80/goods/pic/3.jpg;\" alt=\"\" data-href=\"\" style=\"width: 249.00px;height: 249.00px;\"/></p>', 5348.00, 5792.00, 4623.00, '会说话的颜色', '会讲普通话', 20, 1, 19, 4.3, 0);
INSERT INTO `goods` VALUES (360, '华为Meta 39360', '华为Meta 39', '<p>2222222222233333333333333333</p><p><img src=\"http://localhost:80/goods/pic/1.jpg;\" alt=\"\" data-href=\"\" style=\"width: 249.00px;height: 249.00px;\"/><img src=\"http://localhost:80/goods/pic/3.jpg;\" alt=\"\" data-href=\"\" style=\"width: 249.00px;height: 249.00px;\"/></p>', 6312.00, 6820.00, 5371.00, '12号色', '512G', 20, 1, 20, 4.3, 1);
INSERT INTO `goods` VALUES (361, '华为Meta 40361', '华为Meta 40', '<p>2222222222233333333333333333</p><p><img src=\"http://localhost:80/goods/pic/1.jpg;\" alt=\"\" data-href=\"\" style=\"width: 249.00px;height: 249.00px;\"/><img src=\"http://localhost:80/goods/pic/3.jpg;\" alt=\"\" data-href=\"\" style=\"width: 249.00px;height: 249.00px;\"/></p>', 2289.00, 2589.00, 1283.00, '12号色', '512G', 20, 0, 21, 4.3, 0);
INSERT INTO `goods` VALUES (362, '华为Meta 41362', '华为Meta 41', '<p>2222222222233333333333333333</p><p><img src=\"http://localhost:80/goods/pic/1.jpg;\" alt=\"\" data-href=\"\" style=\"width: 249.00px;height: 249.00px;\"/><img src=\"http://localhost:80/goods/pic/3.jpg;\" alt=\"\" data-href=\"\" style=\"width: 249.00px;height: 249.00px;\"/></p>', 3263.00, 3859.00, 2214.00, '12号色', '512G', 20, 1, 22, 4.3, 0);
INSERT INTO `goods` VALUES (363, '华为Meta 42363', '华为Meta 42', '<p>2222222222233333333333333333</p><p><img src=\"http://localhost:80/goods/pic/1.jpg;\" alt=\"\" data-href=\"\" style=\"width: 249.00px;height: 249.00px;\"/><img src=\"http://localhost:80/goods/pic/3.jpg;\" alt=\"\" data-href=\"\" style=\"width: 249.00px;height: 249.00px;\"/></p>', 4121.00, 4847.00, 3581.00, '12号色', '512G', 20, 1, 23, 4.3, 0);
INSERT INTO `goods` VALUES (364, '华为Meta 43364', '华为Meta 43', '<p>2222222222233333333333333333</p><p><img src=\"http://localhost:80/goods/pic/1.jpg;\" alt=\"\" data-href=\"\" style=\"width: 249.00px;height: 249.00px;\"/><img src=\"http://localhost:80/goods/pic/3.jpg;\" alt=\"\" data-href=\"\" style=\"width: 249.00px;height: 249.00px;\"/></p>', 5431.00, 5788.00, 4353.00, '12号色', '512G', 20, 1, 24, 4.3, 0);
INSERT INTO `goods` VALUES (365, '华为Meta 44365', '华为Meta 44', '<p>2222222222233333333333333333</p><p><img src=\"http://localhost:80/goods/pic/1.jpg;\" alt=\"\" data-href=\"\" style=\"width: 249.00px;height: 249.00px;\"/><img src=\"http://localhost:80/goods/pic/3.jpg;\" alt=\"\" data-href=\"\" style=\"width: 249.00px;height: 249.00px;\"/></p>', 6088.00, 6829.00, 5590.00, '12号色', '512G', 20, 1, 25, 4.3, 1);
INSERT INTO `goods` VALUES (366, '华为Meta 45366', '华为Meta 45', '<p>2222222222233333333333333333</p><p><img src=\"http://localhost:80/goods/pic/1.jpg;\" alt=\"\" data-href=\"\" style=\"width: 249.00px;height: 249.00px;\"/><img src=\"http://localhost:80/goods/pic/3.jpg;\" alt=\"\" data-href=\"\" style=\"width: 249.00px;height: 249.00px;\"/></p>', 2341.00, 2860.00, 1482.00, '12号色', '512G', 20, 1, 26, 4.3, 0);
INSERT INTO `goods` VALUES (367, '华为nova 12 pro367', '华为nova 12 pro', '<p>2222222222233333333333333333</p><p><img src=\"http://localhost:80/goods/pic/1.jpg;\" alt=\"\" data-href=\"\" style=\"width: 249.00px;height: 249.00px;\"/><img src=\"http://localhost:80/goods/pic/3.jpg;\" alt=\"\" data-href=\"\" style=\"width: 249.00px;height: 249.00px;\"/></p>', 3025.00, 3681.00, 2537.00, '曜金黑', '512G', 20, 1, 27, 4.3, 0);
INSERT INTO `goods` VALUES (368, '诺基亚老人机368', '诺基亚老人机', '<p>2222222222233333333333333333</p><p><img src=\"http://localhost:80/goods/pic/1.jpg;\" alt=\"\" data-href=\"\" style=\"width: 249.00px;height: 249.00px;\"/><img src=\"http://localhost:80/goods/pic/3.jpg;\" alt=\"\" data-href=\"\" style=\"width: 249.00px;height: 249.00px;\"/></p>', 4184.00, 4782.00, 3563.00, '老人最喜欢的颜色', '12G+512G', 20, 1, 28, 4.3, 0);
INSERT INTO `goods` VALUES (369, '海尔智能AI电视机369', '海尔智能AI电视机', '<p>2222222222233333333333333333</p><p><img src=\"http://localhost:80/goods/pic/1.jpg;\" alt=\"\" data-href=\"\" style=\"width: 249.00px;height: 249.00px;\"/><img src=\"http://localhost:80/goods/pic/3.jpg;\" alt=\"\" data-href=\"\" style=\"width: 249.00px;height: 249.00px;\"/></p>', 5054.00, 5532.00, 4205.00, '会说话的颜色', '会讲普通话', 20, 1, 29, 4.3, 0);
INSERT INTO `goods` VALUES (370, '华为Meta 4370', '华为Meta 4', '<p>2222222222233333333333333333</p><p><img src=\"http://localhost:80/goods/pic/1.jpg;\" alt=\"\" data-href=\"\" style=\"width: 249.00px;height: 249.00px;\"/><img src=\"http://localhost:80/goods/pic/3.jpg;\" alt=\"\" data-href=\"\" style=\"width: 249.00px;height: 249.00px;\"/></p>', 6095.00, 6418.00, 5514.00, '12号色', '512G', 20, 1, 30, 4.3, 1);
INSERT INTO `goods` VALUES (371, '华为Meta 5371', '华为Meta 5', '<p>2222222222233333333333333333</p><p><img src=\"http://localhost:80/goods/pic/1.jpg;\" alt=\"\" data-href=\"\" style=\"width: 249.00px;height: 249.00px;\"/><img src=\"http://localhost:80/goods/pic/3.jpg;\" alt=\"\" data-href=\"\" style=\"width: 249.00px;height: 249.00px;\"/></p>', 2011.00, 2464.00, 1494.00, '12号色', '512G', 20, 0, 31, 4.3, 0);
INSERT INTO `goods` VALUES (372, '华为Meta 6372', '华为Meta 6', '<p>2222222222233333333333333333</p><p><img src=\"http://localhost:80/goods/pic/1.jpg;\" alt=\"\" data-href=\"\" style=\"width: 249.00px;height: 249.00px;\"/><img src=\"http://localhost:80/goods/pic/3.jpg;\" alt=\"\" data-href=\"\" style=\"width: 249.00px;height: 249.00px;\"/></p>', 3336.00, 3573.00, 2565.00, '12号色', '512G', 20, 1, 3, 4.3, 0);
INSERT INTO `goods` VALUES (373, '华为Meta 7373', '华为Meta 7', '<p>2222222222233333333333333333</p><p><img src=\"http://localhost:80/goods/pic/1.jpg;\" alt=\"\" data-href=\"\" style=\"width: 249.00px;height: 249.00px;\"/><img src=\"http://localhost:80/goods/pic/3.jpg;\" alt=\"\" data-href=\"\" style=\"width: 249.00px;height: 249.00px;\"/></p>', 4164.00, 4635.00, 3388.00, '12号色', '512G', 20, 1, 3, 4.3, 0);
INSERT INTO `goods` VALUES (374, '华为Meta 8374', '华为Meta 8', '<p>2222222222233333333333333333</p><p><img src=\"http://localhost:80/goods/pic/1.jpg;\" alt=\"\" data-href=\"\" style=\"width: 249.00px;height: 249.00px;\"/><img src=\"http://localhost:80/goods/pic/3.jpg;\" alt=\"\" data-href=\"\" style=\"width: 249.00px;height: 249.00px;\"/></p>', 5120.00, 5489.00, 4291.00, '12号色', '512G', 20, 1, 3, 4.3, 0);
INSERT INTO `goods` VALUES (375, '华为Meta 98375', '华为Meta 98', '<p>2222222222233333333333333333</p><p><img src=\"http://localhost:80/goods/pic/1.jpg;\" alt=\"\" data-href=\"\" style=\"width: 249.00px;height: 249.00px;\"/><img src=\"http://localhost:80/goods/pic/3.jpg;\" alt=\"\" data-href=\"\" style=\"width: 249.00px;height: 249.00px;\"/></p>', 6008.00, 6500.00, 5682.00, '12号色', '512G', 20, 1, 4, 4.3, 1);
INSERT INTO `goods` VALUES (376, '华为Meta 10376', '华为Meta 10', '<p>2222222222233333333333333333</p><p><img src=\"http://localhost:80/goods/pic/1.jpg;\" alt=\"\" data-href=\"\" style=\"width: 249.00px;height: 249.00px;\"/><img src=\"http://localhost:80/goods/pic/3.jpg;\" alt=\"\" data-href=\"\" style=\"width: 249.00px;height: 249.00px;\"/></p>', 2269.00, 2868.00, 1241.00, '12号色', '512G', 20, 1, 5, 4.3, 0);
INSERT INTO `goods` VALUES (377, '华为nova 12 pro377', '华为nova 12 pro', '<p>2222222222233333333333333333</p><p><img src=\"http://localhost:80/goods/pic/1.jpg;\" alt=\"\" data-href=\"\" style=\"width: 249.00px;height: 249.00px;\"/><img src=\"http://localhost:80/goods/pic/3.jpg;\" alt=\"\" data-href=\"\" style=\"width: 249.00px;height: 249.00px;\"/></p>', 3297.00, 3793.00, 2283.00, '曜金黑', '512G', 20, 1, 3, 4.3, 0);
INSERT INTO `goods` VALUES (378, '诺基亚老人机378', '诺基亚老人机', '<p>2222222222233333333333333333</p><p><img src=\"http://localhost:80/goods/pic/1.jpg;\" alt=\"\" data-href=\"\" style=\"width: 249.00px;height: 249.00px;\"/><img src=\"http://localhost:80/goods/pic/3.jpg;\" alt=\"\" data-href=\"\" style=\"width: 249.00px;height: 249.00px;\"/></p>', 4227.00, 4474.00, 3399.00, '老人最喜欢的颜色', '12G+512G', 20, 1, 3, 4.3, 0);
INSERT INTO `goods` VALUES (379, '海尔智能AI电视机379', '海尔智能AI电视机', '<p>2222222222233333333333333333</p><p><img src=\"http://localhost:80/goods/pic/1.jpg;\" alt=\"\" data-href=\"\" style=\"width: 249.00px;height: 249.00px;\"/><img src=\"http://localhost:80/goods/pic/3.jpg;\" alt=\"\" data-href=\"\" style=\"width: 249.00px;height: 249.00px;\"/></p>', 5183.00, 5544.00, 4380.00, '会说话的颜色', '会讲普通话', 20, 1, 3, 4.3, 0);
INSERT INTO `goods` VALUES (380, '华为Meta 14380', '华为Meta 14', '<p>2222222222233333333333333333</p><p><img src=\"http://localhost:80/goods/pic/1.jpg;\" alt=\"\" data-href=\"\" style=\"width: 249.00px;height: 249.00px;\"/><img src=\"http://localhost:80/goods/pic/3.jpg;\" alt=\"\" data-href=\"\" style=\"width: 249.00px;height: 249.00px;\"/></p>', 6105.00, 6483.00, 5306.00, '12号色', '512G', 20, 1, 3, 4.3, 1);
INSERT INTO `goods` VALUES (381, '华为Meta 15381', '华为Meta 15', '<p>2222222222233333333333333333</p><p><img src=\"http://localhost:80/goods/pic/1.jpg;\" alt=\"\" data-href=\"\" style=\"width: 249.00px;height: 249.00px;\"/><img src=\"http://localhost:80/goods/pic/3.jpg;\" alt=\"\" data-href=\"\" style=\"width: 249.00px;height: 249.00px;\"/></p>', 2291.00, 2737.00, 1519.00, '12号色', '512G', 20, 0, 3, 4.3, 0);
INSERT INTO `goods` VALUES (382, '华为Meta 16382', '华为Meta 16', '<p>2222222222233333333333333333</p><p><img src=\"http://localhost:80/goods/pic/1.jpg;\" alt=\"\" data-href=\"\" style=\"width: 249.00px;height: 249.00px;\"/><img src=\"http://localhost:80/goods/pic/3.jpg;\" alt=\"\" data-href=\"\" style=\"width: 249.00px;height: 249.00px;\"/></p>', 3228.00, 3793.00, 2491.00, '12号色', '512G', 20, 1, 11, 4.3, 0);
INSERT INTO `goods` VALUES (383, '华为Meta 17383', '华为Meta 17', '<p>2222222222233333333333333333</p><p><img src=\"http://localhost:80/goods/pic/1.jpg;\" alt=\"\" data-href=\"\" style=\"width: 249.00px;height: 249.00px;\"/><img src=\"http://localhost:80/goods/pic/3.jpg;\" alt=\"\" data-href=\"\" style=\"width: 249.00px;height: 249.00px;\"/></p>', 4263.00, 4623.00, 3533.00, '12号色', '512G', 20, 1, 12, 4.3, 0);
INSERT INTO `goods` VALUES (384, '华为Meta 18384', '华为Meta 18', '<p>2222222222233333333333333333</p><p><img src=\"http://localhost:80/goods/pic/1.jpg;\" alt=\"\" data-href=\"\" style=\"width: 249.00px;height: 249.00px;\"/><img src=\"http://localhost:80/goods/pic/3.jpg;\" alt=\"\" data-href=\"\" style=\"width: 249.00px;height: 249.00px;\"/></p>', 5459.00, 5660.00, 4628.00, '12号色', '512G', 20, 1, 13, 4.3, 0);
INSERT INTO `goods` VALUES (385, '华为Meta 19385', '华为Meta 19', '<p>2222222222233333333333333333</p><p><img src=\"http://localhost:80/goods/pic/1.jpg;\" alt=\"\" data-href=\"\" style=\"width: 249.00px;height: 249.00px;\"/><img src=\"http://localhost:80/goods/pic/3.jpg;\" alt=\"\" data-href=\"\" style=\"width: 249.00px;height: 249.00px;\"/></p>', 6275.00, 6457.00, 5670.00, '12号色', '512G', 20, 1, 14, 4.3, 1);
INSERT INTO `goods` VALUES (386, '华为Meta 20386', '华为Meta 20', '<p>2222222222233333333333333333</p><p><img src=\"http://localhost:80/goods/pic/1.jpg;\" alt=\"\" data-href=\"\" style=\"width: 249.00px;height: 249.00px;\"/><img src=\"http://localhost:80/goods/pic/3.jpg;\" alt=\"\" data-href=\"\" style=\"width: 249.00px;height: 249.00px;\"/></p>', 2079.00, 2839.00, 1663.00, '12号色', '512G', 20, 1, 15, 4.3, 0);
INSERT INTO `goods` VALUES (387, '华为nova 12 pro387', '华为nova 12 pro', '<p>2222222222233333333333333333</p><p><img src=\"http://localhost:80/goods/pic/1.jpg;\" alt=\"\" data-href=\"\" style=\"width: 249.00px;height: 249.00px;\"/><img src=\"http://localhost:80/goods/pic/3.jpg;\" alt=\"\" data-href=\"\" style=\"width: 249.00px;height: 249.00px;\"/></p>', 3266.00, 3862.00, 2217.00, '曜金黑', '512G', 20, 1, 16, 4.3, 0);
INSERT INTO `goods` VALUES (388, '诺基亚老人机388', '诺基亚老人机', '<p>2222222222233333333333333333</p><p><img src=\"http://localhost:80/goods/pic/1.jpg;\" alt=\"\" data-href=\"\" style=\"width: 249.00px;height: 249.00px;\"/><img src=\"http://localhost:80/goods/pic/3.jpg;\" alt=\"\" data-href=\"\" style=\"width: 249.00px;height: 249.00px;\"/></p>', 4487.00, 4838.00, 3439.00, '老人最喜欢的颜色', '12G+512G', 20, 1, 17, 4.3, 0);
INSERT INTO `goods` VALUES (389, '海尔智能AI电视机389', '海尔智能AI电视机', '<p>2222222222233333333333333333</p><p><img src=\"http://localhost:80/goods/pic/1.jpg;\" alt=\"\" data-href=\"\" style=\"width: 249.00px;height: 249.00px;\"/><img src=\"http://localhost:80/goods/pic/3.jpg;\" alt=\"\" data-href=\"\" style=\"width: 249.00px;height: 249.00px;\"/></p>', 5355.00, 5894.00, 4613.00, '会说话的颜色', '会讲普通话', 20, 1, 18, 4.3, 0);
INSERT INTO `goods` VALUES (390, '华为Meta 29390', '华为Meta 29', '<p>2222222222233333333333333333</p><p><img src=\"http://localhost:80/goods/pic/1.jpg;\" alt=\"\" data-href=\"\" style=\"width: 249.00px;height: 249.00px;\"/><img src=\"http://localhost:80/goods/pic/3.jpg;\" alt=\"\" data-href=\"\" style=\"width: 249.00px;height: 249.00px;\"/></p>', 6171.00, 6848.00, 5432.00, '12号色', '512G', 20, 1, 19, 4.3, 1);
INSERT INTO `goods` VALUES (391, '华为Meta 30391', '华为Meta 30', '<p>2222222222233333333333333333</p><p><img src=\"http://localhost:80/goods/pic/1.jpg;\" alt=\"\" data-href=\"\" style=\"width: 249.00px;height: 249.00px;\"/><img src=\"http://localhost:80/goods/pic/3.jpg;\" alt=\"\" data-href=\"\" style=\"width: 249.00px;height: 249.00px;\"/></p>', 2494.00, 2483.00, 1639.00, '12号色', '512G', 20, 0, 20, 4.3, 0);
INSERT INTO `goods` VALUES (392, '华为Meta 31392', '华为Meta 31', '<p>2222222222233333333333333333</p><p><img src=\"http://localhost:80/goods/pic/1.jpg;\" alt=\"\" data-href=\"\" style=\"width: 249.00px;height: 249.00px;\"/><img src=\"http://localhost:80/goods/pic/3.jpg;\" alt=\"\" data-href=\"\" style=\"width: 249.00px;height: 249.00px;\"/></p>', 3192.00, 3814.00, 2201.00, '12号色', '512G', 20, 1, 21, 4.3, 0);
INSERT INTO `goods` VALUES (393, '华为Meta 32393', '华为Meta 32', '<p>2222222222233333333333333333</p><p><img src=\"http://localhost:80/goods/pic/1.jpg;\" alt=\"\" data-href=\"\" style=\"width: 249.00px;height: 249.00px;\"/><img src=\"http://localhost:80/goods/pic/3.jpg;\" alt=\"\" data-href=\"\" style=\"width: 249.00px;height: 249.00px;\"/></p>', 4374.00, 4556.00, 3363.00, '12号色', '512G', 20, 1, 22, 4.3, 0);
INSERT INTO `goods` VALUES (394, '华为Meta 33394', '华为Meta 33', '<p>2222222222233333333333333333</p><p><img src=\"http://localhost:80/goods/pic/1.jpg;\" alt=\"\" data-href=\"\" style=\"width: 249.00px;height: 249.00px;\"/><img src=\"http://localhost:80/goods/pic/3.jpg;\" alt=\"\" data-href=\"\" style=\"width: 249.00px;height: 249.00px;\"/></p>', 5074.00, 5533.00, 4651.00, '12号色', '512G', 20, 1, 23, 4.3, 0);
INSERT INTO `goods` VALUES (395, '华为Meta 34395', '华为Meta 34', '<p>2222222222233333333333333333</p><p><img src=\"http://localhost:80/goods/pic/1.jpg;\" alt=\"\" data-href=\"\" style=\"width: 249.00px;height: 249.00px;\"/><img src=\"http://localhost:80/goods/pic/3.jpg;\" alt=\"\" data-href=\"\" style=\"width: 249.00px;height: 249.00px;\"/></p>', 6311.00, 6761.00, 5580.00, '12号色', '512G', 20, 1, 24, 4.3, 1);
INSERT INTO `goods` VALUES (396, '华为Meta 35396', '华为Meta 35', '<p>2222222222233333333333333333</p><p><img src=\"http://localhost:80/goods/pic/1.jpg;\" alt=\"\" data-href=\"\" style=\"width: 249.00px;height: 249.00px;\"/><img src=\"http://localhost:80/goods/pic/3.jpg;\" alt=\"\" data-href=\"\" style=\"width: 249.00px;height: 249.00px;\"/></p>', 2438.00, 2779.00, 1287.00, '12号色', '512G', 20, 1, 25, 4.3, 0);
INSERT INTO `goods` VALUES (397, '华为nova 12 pro397', '华为nova 12 pro', '<p>2222222222233333333333333333</p><p><img src=\"http://localhost:80/goods/pic/1.jpg;\" alt=\"\" data-href=\"\" style=\"width: 249.00px;height: 249.00px;\"/><img src=\"http://localhost:80/goods/pic/3.jpg;\" alt=\"\" data-href=\"\" style=\"width: 249.00px;height: 249.00px;\"/></p>', 3255.00, 3675.00, 2319.00, '曜金黑', '512G', 20, 1, 26, 4.3, 0);
INSERT INTO `goods` VALUES (398, '诺基亚老人机398', '诺基亚老人机', '<p>2222222222233333333333333333</p><p><img src=\"http://localhost:80/goods/pic/1.jpg;\" alt=\"\" data-href=\"\" style=\"width: 249.00px;height: 249.00px;\"/><img src=\"http://localhost:80/goods/pic/3.jpg;\" alt=\"\" data-href=\"\" style=\"width: 249.00px;height: 249.00px;\"/></p>', 4340.00, 4613.00, 3253.00, '老人最喜欢的颜色', '12G+512G', 20, 1, 27, 4.3, 0);
INSERT INTO `goods` VALUES (399, '海尔智能AI电视机399', '海尔智能AI电视机', '<p>2222222222233333333333333333</p><p><img src=\"http://localhost:80/goods/pic/1.jpg;\" alt=\"\" data-href=\"\" style=\"width: 249.00px;height: 249.00px;\"/><img src=\"http://localhost:80/goods/pic/3.jpg;\" alt=\"\" data-href=\"\" style=\"width: 249.00px;height: 249.00px;\"/></p>', 5348.00, 5792.00, 4623.00, '会说话的颜色', '会讲普通话', 20, 1, 28, 4.3, 0);
INSERT INTO `goods` VALUES (400, '华为Meta 39400', '华为Meta 39', '<p>2222222222233333333333333333</p><p><img src=\"http://localhost:80/goods/pic/1.jpg;\" alt=\"\" data-href=\"\" style=\"width: 249.00px;height: 249.00px;\"/><img src=\"http://localhost:80/goods/pic/3.jpg;\" alt=\"\" data-href=\"\" style=\"width: 249.00px;height: 249.00px;\"/></p>', 6312.00, 6820.00, 5371.00, '12号色', '512G', 20, 1, 29, 4.3, 1);
INSERT INTO `goods` VALUES (401, '华为Meta 40401', '华为Meta 40', '<p>2222222222233333333333333333</p><p><img src=\"http://localhost:80/goods/pic/1.jpg;\" alt=\"\" data-href=\"\" style=\"width: 249.00px;height: 249.00px;\"/><img src=\"http://localhost:80/goods/pic/3.jpg;\" alt=\"\" data-href=\"\" style=\"width: 249.00px;height: 249.00px;\"/></p>', 2289.00, 2589.00, 1283.00, '12号色', '512G', 20, 0, 30, 4.3, 0);
INSERT INTO `goods` VALUES (402, '华为Meta 41402', '华为Meta 41', '<p>2222222222233333333333333333</p><p><img src=\"http://localhost:80/goods/pic/1.jpg;\" alt=\"\" data-href=\"\" style=\"width: 249.00px;height: 249.00px;\"/><img src=\"http://localhost:80/goods/pic/3.jpg;\" alt=\"\" data-href=\"\" style=\"width: 249.00px;height: 249.00px;\"/></p>', 3263.00, 3859.00, 2214.00, '12号色', '512G', 20, 1, 31, 4.3, 0);
INSERT INTO `goods` VALUES (403, '华为Meta 42403', '华为Meta 42', '<p>2222222222233333333333333333</p><p><img src=\"http://localhost:80/goods/pic/1.jpg;\" alt=\"\" data-href=\"\" style=\"width: 249.00px;height: 249.00px;\"/><img src=\"http://localhost:80/goods/pic/3.jpg;\" alt=\"\" data-href=\"\" style=\"width: 249.00px;height: 249.00px;\"/></p>', 4121.00, 4847.00, 3581.00, '12号色', '512G', 20, 1, 3, 4.3, 0);
INSERT INTO `goods` VALUES (404, '华为Meta 43404', '华为Meta 43', '<p>2222222222233333333333333333</p><p><img src=\"http://localhost:80/goods/pic/1.jpg;\" alt=\"\" data-href=\"\" style=\"width: 249.00px;height: 249.00px;\"/><img src=\"http://localhost:80/goods/pic/3.jpg;\" alt=\"\" data-href=\"\" style=\"width: 249.00px;height: 249.00px;\"/></p>', 5431.00, 5788.00, 4353.00, '12号色', '512G', 20, 1, 3, 4.3, 0);
INSERT INTO `goods` VALUES (405, '华为Meta 44405', '华为Meta 44', '<p>2222222222233333333333333333</p><p><img src=\"http://localhost:80/goods/pic/1.jpg;\" alt=\"\" data-href=\"\" style=\"width: 249.00px;height: 249.00px;\"/><img src=\"http://localhost:80/goods/pic/3.jpg;\" alt=\"\" data-href=\"\" style=\"width: 249.00px;height: 249.00px;\"/></p>', 6088.00, 6829.00, 5590.00, '12号色', '512G', 19, 1, 3, 4.3, 1);
INSERT INTO `goods` VALUES (406, '华为Meta 45406', '华为Meta 45', '<p>2222222222233333333333333333</p><p><img src=\"http://localhost:80/goods/pic/1.jpg;\" alt=\"\" data-href=\"\" style=\"width: 249.00px;height: 249.00px;\"/><img src=\"http://localhost:80/goods/pic/3.jpg;\" alt=\"\" data-href=\"\" style=\"width: 249.00px;height: 249.00px;\"/></p>', 2341.00, 2860.00, 1482.00, '12号色', '512G', 20, 1, 4, 4.3, 0);
INSERT INTO `goods` VALUES (502, 'aaaa502', '123', '<p>2222222222233333333333333333</p><p><img src=\"http://localhost:80/goods/pic/1.jpg;\" alt=\"\" data-href=\"\" style=\"width: 249.00px;height: 249.00px;\"/><img src=\"http://localhost:80/goods/pic/3.jpg;\" alt=\"\" data-href=\"\" style=\"width: 249.00px;height: 249.00px;\"/></p>', 123.00, 123.00, 123.00, '123', '123', 20, 0, 12, 4.3, 0);
INSERT INTO `goods` VALUES (503, '234503', '234', '<p>2222222222233333333333333333</p><p><img src=\"http://localhost:80/goods/pic/1.jpg;\" alt=\"\" data-href=\"\" style=\"width: 249.00px;height: 249.00px;\"/><img src=\"http://localhost:80/goods/pic/3.jpg;\" alt=\"\" data-href=\"\" style=\"width: 249.00px;height: 249.00px;\"/></p>', 123.00, 123.00, 123.00, '123', '123', 20, 0, 12, 4.3, 0);
INSERT INTO `goods` VALUES (504, 'asd504', 'asd', '<p>2222222222233333333333333333</p><p><img src=\"http://localhost:80/goods/pic/1.jpg;\" alt=\"\" data-href=\"\" style=\"width: 249.00px;height: 249.00px;\"/><img src=\"http://localhost:80/goods/pic/3.jpg;\" alt=\"\" data-href=\"\" style=\"width: 249.00px;height: 249.00px;\"/></p>', 111.00, 111.00, 111.00, '1111', '111', 20, 0, 12, 4.3, 0);
INSERT INTO `goods` VALUES (505, '111505', '111', '<p>2222222222233333333333333333</p><p><img src=\"http://localhost:80/goods/pic/1.jpg;\" alt=\"\" data-href=\"\" style=\"width: 249.00px;height: 249.00px;\"/><img src=\"http://localhost:80/goods/pic/3.jpg;\" alt=\"\" data-href=\"\" style=\"width: 249.00px;height: 249.00px;\"/></p>', 111.00, 111.00, 111.00, '111', '111', 20, 0, 12, 4.3, 1);

-- ----------------------------
-- Table structure for goods_pic
-- ----------------------------
DROP TABLE IF EXISTS `goods_pic`;
CREATE TABLE `goods_pic`  (
  `id` int NOT NULL AUTO_INCREMENT,
  `url` varchar(128) CHARACTER SET utf8mb3 COLLATE utf8mb3_general_ci NOT NULL,
  `goods_id` int NOT NULL,
  PRIMARY KEY (`id`) USING BTREE
) ENGINE = InnoDB AUTO_INCREMENT = 4321 CHARACTER SET = utf8mb3 COLLATE = utf8mb3_general_ci ROW_FORMAT = DYNAMIC;

-- ----------------------------
-- Records of goods_pic
-- ----------------------------
INSERT INTO `goods_pic` VALUES (3, '1.jpg', 4);
INSERT INTO `goods_pic` VALUES (33, '1.jpg', 34);
INSERT INTO `goods_pic` VALUES (34, '1.jpg', 35);
INSERT INTO `goods_pic` VALUES (35, '1.jpg', 36);
INSERT INTO `goods_pic` VALUES (36, '1.jpg', 37);
INSERT INTO `goods_pic` VALUES (38, '1.jpg', 39);
INSERT INTO `goods_pic` VALUES (41, '1.jpg', 42);
INSERT INTO `goods_pic` VALUES (42, '1.jpg', 43);
INSERT INTO `goods_pic` VALUES (43, '1.jpg', 44);
INSERT INTO `goods_pic` VALUES (44, '1.jpg', 45);
INSERT INTO `goods_pic` VALUES (45, '1.jpg', 46);
INSERT INTO `goods_pic` VALUES (46, '1.jpg', 47);
INSERT INTO `goods_pic` VALUES (47, '1.jpg', 48);
INSERT INTO `goods_pic` VALUES (48, '1.jpg', 49);
INSERT INTO `goods_pic` VALUES (49, '1.jpg', 50);
INSERT INTO `goods_pic` VALUES (50, '1.jpg', 51);
INSERT INTO `goods_pic` VALUES (51, '1.jpg', 52);
INSERT INTO `goods_pic` VALUES (52, '1.jpg', 53);
INSERT INTO `goods_pic` VALUES (53, '1.jpg', 54);
INSERT INTO `goods_pic` VALUES (54, '1.jpg', 55);
INSERT INTO `goods_pic` VALUES (55, '1.jpg', 56);
INSERT INTO `goods_pic` VALUES (56, '1.jpg', 57);
INSERT INTO `goods_pic` VALUES (57, '1.jpg', 58);
INSERT INTO `goods_pic` VALUES (58, '1.jpg', 59);
INSERT INTO `goods_pic` VALUES (59, '1.jpg', 60);
INSERT INTO `goods_pic` VALUES (60, '1.jpg', 61);
INSERT INTO `goods_pic` VALUES (61, '1.jpg', 62);
INSERT INTO `goods_pic` VALUES (62, '1.jpg', 63);
INSERT INTO `goods_pic` VALUES (63, '1.jpg', 64);
INSERT INTO `goods_pic` VALUES (78, '1.jpg', 79);
INSERT INTO `goods_pic` VALUES (79, '1.jpg', 80);
INSERT INTO `goods_pic` VALUES (80, '1.jpg', 81);
INSERT INTO `goods_pic` VALUES (81, '1.jpg', 82);
INSERT INTO `goods_pic` VALUES (82, '1.jpg', 83);
INSERT INTO `goods_pic` VALUES (83, '1.jpg', 84);
INSERT INTO `goods_pic` VALUES (84, '1.jpg', 85);
INSERT INTO `goods_pic` VALUES (85, '1.jpg', 86);
INSERT INTO `goods_pic` VALUES (86, '1.jpg', 87);
INSERT INTO `goods_pic` VALUES (87, '1.jpg', 88);
INSERT INTO `goods_pic` VALUES (88, '1.jpg', 89);
INSERT INTO `goods_pic` VALUES (89, '1.jpg', 90);
INSERT INTO `goods_pic` VALUES (90, '1.jpg', 91);
INSERT INTO `goods_pic` VALUES (91, '1.jpg', 92);
INSERT INTO `goods_pic` VALUES (92, '1.jpg', 93);
INSERT INTO `goods_pic` VALUES (93, '1.jpg', 94);
INSERT INTO `goods_pic` VALUES (95, '1.jpg', 96);
INSERT INTO `goods_pic` VALUES (96, '1.jpg', 97);
INSERT INTO `goods_pic` VALUES (97, '1.jpg', 98);
INSERT INTO `goods_pic` VALUES (98, '1.jpg', 99);
INSERT INTO `goods_pic` VALUES (99, '1.jpg', 100);
INSERT INTO `goods_pic` VALUES (100, '1.jpg', 101);
INSERT INTO `goods_pic` VALUES (101, '1.jpg', 102);
INSERT INTO `goods_pic` VALUES (102, '1.jpg', 103);
INSERT INTO `goods_pic` VALUES (103, '1.jpg', 104);
INSERT INTO `goods_pic` VALUES (104, '1.jpg', 105);
INSERT INTO `goods_pic` VALUES (105, '1.jpg', 106);
INSERT INTO `goods_pic` VALUES (106, '1.jpg', 107);
INSERT INTO `goods_pic` VALUES (107, '1.jpg', 108);
INSERT INTO `goods_pic` VALUES (108, '1.jpg', 109);
INSERT INTO `goods_pic` VALUES (109, '1.jpg', 110);
INSERT INTO `goods_pic` VALUES (110, '1.jpg', 111);
INSERT INTO `goods_pic` VALUES (111, '1.jpg', 112);
INSERT INTO `goods_pic` VALUES (141, '1.jpg', 142);
INSERT INTO `goods_pic` VALUES (142, '1.jpg', 143);
INSERT INTO `goods_pic` VALUES (143, '1.jpg', 144);
INSERT INTO `goods_pic` VALUES (144, '1.jpg', 145);
INSERT INTO `goods_pic` VALUES (145, '1.jpg', 146);
INSERT INTO `goods_pic` VALUES (146, '1.jpg', 147);
INSERT INTO `goods_pic` VALUES (147, '1.jpg', 148);
INSERT INTO `goods_pic` VALUES (148, '1.jpg', 149);
INSERT INTO `goods_pic` VALUES (149, '1.jpg', 150);
INSERT INTO `goods_pic` VALUES (150, '1.jpg', 151);
INSERT INTO `goods_pic` VALUES (151, '1.jpg', 152);
INSERT INTO `goods_pic` VALUES (152, '1.jpg', 153);
INSERT INTO `goods_pic` VALUES (153, '1.jpg', 154);
INSERT INTO `goods_pic` VALUES (155, '1.jpg', 156);
INSERT INTO `goods_pic` VALUES (156, '1.jpg', 157);
INSERT INTO `goods_pic` VALUES (157, '1.jpg', 158);
INSERT INTO `goods_pic` VALUES (158, '1.jpg', 159);
INSERT INTO `goods_pic` VALUES (160, '1.jpg', 161);
INSERT INTO `goods_pic` VALUES (161, '1.jpg', 162);
INSERT INTO `goods_pic` VALUES (162, '1.jpg', 163);
INSERT INTO `goods_pic` VALUES (163, '1.jpg', 164);
INSERT INTO `goods_pic` VALUES (164, '1.jpg', 165);
INSERT INTO `goods_pic` VALUES (165, '1.jpg', 166);
INSERT INTO `goods_pic` VALUES (166, '1.jpg', 167);
INSERT INTO `goods_pic` VALUES (168, '1.jpg', 169);
INSERT INTO `goods_pic` VALUES (169, '1.jpg', 170);
INSERT INTO `goods_pic` VALUES (170, '1.jpg', 171);
INSERT INTO `goods_pic` VALUES (171, '1.jpg', 172);
INSERT INTO `goods_pic` VALUES (172, '1.jpg', 173);
INSERT INTO `goods_pic` VALUES (173, '1.jpg', 174);
INSERT INTO `goods_pic` VALUES (174, '1.jpg', 175);
INSERT INTO `goods_pic` VALUES (175, '1.jpg', 176);
INSERT INTO `goods_pic` VALUES (176, '1.jpg', 177);
INSERT INTO `goods_pic` VALUES (177, '1.jpg', 178);
INSERT INTO `goods_pic` VALUES (178, '1.jpg', 179);
INSERT INTO `goods_pic` VALUES (179, '1.jpg', 180);
INSERT INTO `goods_pic` VALUES (180, '1.jpg', 181);
INSERT INTO `goods_pic` VALUES (181, '1.jpg', 182);
INSERT INTO `goods_pic` VALUES (182, '1.jpg', 183);
INSERT INTO `goods_pic` VALUES (183, '1.jpg', 184);
INSERT INTO `goods_pic` VALUES (184, '1.jpg', 185);
INSERT INTO `goods_pic` VALUES (185, '1.jpg', 186);
INSERT INTO `goods_pic` VALUES (186, '1.jpg', 187);
INSERT INTO `goods_pic` VALUES (187, '1.jpg', 188);
INSERT INTO `goods_pic` VALUES (188, '1.jpg', 189);
INSERT INTO `goods_pic` VALUES (189, '1.jpg', 190);
INSERT INTO `goods_pic` VALUES (190, '1.jpg', 191);
INSERT INTO `goods_pic` VALUES (191, '1.jpg', 192);
INSERT INTO `goods_pic` VALUES (192, '1.jpg', 193);
INSERT INTO `goods_pic` VALUES (193, '1.jpg', 194);
INSERT INTO `goods_pic` VALUES (194, '1.jpg', 195);
INSERT INTO `goods_pic` VALUES (195, '1.jpg', 196);
INSERT INTO `goods_pic` VALUES (196, '1.jpg', 197);
INSERT INTO `goods_pic` VALUES (197, '1.jpg', 198);
INSERT INTO `goods_pic` VALUES (198, '1.jpg', 199);
INSERT INTO `goods_pic` VALUES (199, '1.jpg', 200);
INSERT INTO `goods_pic` VALUES (200, '1.jpg', 201);
INSERT INTO `goods_pic` VALUES (201, '1.jpg', 202);
INSERT INTO `goods_pic` VALUES (202, '1.jpg', 203);
INSERT INTO `goods_pic` VALUES (203, '1.jpg', 204);
INSERT INTO `goods_pic` VALUES (204, '1.jpg', 205);
INSERT INTO `goods_pic` VALUES (205, '1.jpg', 206);
INSERT INTO `goods_pic` VALUES (206, '1.jpg', 207);
INSERT INTO `goods_pic` VALUES (207, '1.jpg', 208);
INSERT INTO `goods_pic` VALUES (208, '1.jpg', 209);
INSERT INTO `goods_pic` VALUES (268, '1.jpg', 269);
INSERT INTO `goods_pic` VALUES (269, '1.jpg', 270);
INSERT INTO `goods_pic` VALUES (270, '1.jpg', 271);
INSERT INTO `goods_pic` VALUES (271, '1.jpg', 272);
INSERT INTO `goods_pic` VALUES (272, '1.jpg', 273);
INSERT INTO `goods_pic` VALUES (273, '1.jpg', 274);
INSERT INTO `goods_pic` VALUES (274, '1.jpg', 275);
INSERT INTO `goods_pic` VALUES (275, '1.jpg', 276);
INSERT INTO `goods_pic` VALUES (276, '1.jpg', 277);
INSERT INTO `goods_pic` VALUES (277, '1.jpg', 278);
INSERT INTO `goods_pic` VALUES (278, '1.jpg', 279);
INSERT INTO `goods_pic` VALUES (280, '1.jpg', 281);
INSERT INTO `goods_pic` VALUES (281, '1.jpg', 282);
INSERT INTO `goods_pic` VALUES (282, '1.jpg', 283);
INSERT INTO `goods_pic` VALUES (283, '1.jpg', 284);
INSERT INTO `goods_pic` VALUES (284, '1.jpg', 285);
INSERT INTO `goods_pic` VALUES (285, '1.jpg', 286);
INSERT INTO `goods_pic` VALUES (286, '1.jpg', 287);
INSERT INTO `goods_pic` VALUES (287, '1.jpg', 288);
INSERT INTO `goods_pic` VALUES (288, '1.jpg', 289);
INSERT INTO `goods_pic` VALUES (289, '1.jpg', 290);
INSERT INTO `goods_pic` VALUES (290, '1.jpg', 291);
INSERT INTO `goods_pic` VALUES (291, '1.jpg', 292);
INSERT INTO `goods_pic` VALUES (292, '1.jpg', 293);
INSERT INTO `goods_pic` VALUES (293, '1.jpg', 294);
INSERT INTO `goods_pic` VALUES (295, '1.jpg', 296);
INSERT INTO `goods_pic` VALUES (296, '1.jpg', 297);
INSERT INTO `goods_pic` VALUES (297, '1.jpg', 298);
INSERT INTO `goods_pic` VALUES (298, '1.jpg', 299);
INSERT INTO `goods_pic` VALUES (299, '1.jpg', 300);
INSERT INTO `goods_pic` VALUES (300, '1.jpg', 301);
INSERT INTO `goods_pic` VALUES (301, '1.jpg', 302);
INSERT INTO `goods_pic` VALUES (302, '1.jpg', 303);
INSERT INTO `goods_pic` VALUES (303, '1.jpg', 304);
INSERT INTO `goods_pic` VALUES (304, '1.jpg', 305);
INSERT INTO `goods_pic` VALUES (305, '1.jpg', 306);
INSERT INTO `goods_pic` VALUES (306, '1.jpg', 307);
INSERT INTO `goods_pic` VALUES (307, '1.jpg', 308);
INSERT INTO `goods_pic` VALUES (308, '1.jpg', 309);
INSERT INTO `goods_pic` VALUES (309, '1.jpg', 310);
INSERT INTO `goods_pic` VALUES (310, '1.jpg', 311);
INSERT INTO `goods_pic` VALUES (311, '1.jpg', 312);
INSERT INTO `goods_pic` VALUES (312, '1.jpg', 313);
INSERT INTO `goods_pic` VALUES (313, '1.jpg', 314);
INSERT INTO `goods_pic` VALUES (315, '1.jpg', 316);
INSERT INTO `goods_pic` VALUES (316, '1.jpg', 317);
INSERT INTO `goods_pic` VALUES (317, '1.jpg', 318);
INSERT INTO `goods_pic` VALUES (318, '1.jpg', 319);
INSERT INTO `goods_pic` VALUES (319, '1.jpg', 320);
INSERT INTO `goods_pic` VALUES (320, '1.jpg', 321);
INSERT INTO `goods_pic` VALUES (321, '1.jpg', 322);
INSERT INTO `goods_pic` VALUES (322, '1.jpg', 323);
INSERT INTO `goods_pic` VALUES (323, '1.jpg', 324);
INSERT INTO `goods_pic` VALUES (324, '1.jpg', 325);
INSERT INTO `goods_pic` VALUES (325, '1.jpg', 326);
INSERT INTO `goods_pic` VALUES (326, '1.jpg', 327);
INSERT INTO `goods_pic` VALUES (327, '1.jpg', 328);
INSERT INTO `goods_pic` VALUES (328, '1.jpg', 329);
INSERT INTO `goods_pic` VALUES (329, '1.jpg', 330);
INSERT INTO `goods_pic` VALUES (330, '1.jpg', 331);
INSERT INTO `goods_pic` VALUES (331, '1.jpg', 332);
INSERT INTO `goods_pic` VALUES (332, '1.jpg', 333);
INSERT INTO `goods_pic` VALUES (333, '1.jpg', 334);
INSERT INTO `goods_pic` VALUES (335, '1.jpg', 336);
INSERT INTO `goods_pic` VALUES (336, '1.jpg', 337);
INSERT INTO `goods_pic` VALUES (337, '1.jpg', 338);
INSERT INTO `goods_pic` VALUES (338, '1.jpg', 339);
INSERT INTO `goods_pic` VALUES (339, '1.jpg', 340);
INSERT INTO `goods_pic` VALUES (340, '1.jpg', 341);
INSERT INTO `goods_pic` VALUES (341, '1.jpg', 342);
INSERT INTO `goods_pic` VALUES (342, '1.jpg', 343);
INSERT INTO `goods_pic` VALUES (343, '1.jpg', 344);
INSERT INTO `goods_pic` VALUES (344, '1.jpg', 345);
INSERT INTO `goods_pic` VALUES (345, '1.jpg', 346);
INSERT INTO `goods_pic` VALUES (346, '1.jpg', 347);
INSERT INTO `goods_pic` VALUES (347, '1.jpg', 348);
INSERT INTO `goods_pic` VALUES (348, '1.jpg', 349);
INSERT INTO `goods_pic` VALUES (350, '1.jpg', 351);
INSERT INTO `goods_pic` VALUES (351, '1.jpg', 352);
INSERT INTO `goods_pic` VALUES (352, '1.jpg', 353);
INSERT INTO `goods_pic` VALUES (353, '1.jpg', 354);
INSERT INTO `goods_pic` VALUES (354, '1.jpg', 355);
INSERT INTO `goods_pic` VALUES (355, '1.jpg', 356);
INSERT INTO `goods_pic` VALUES (356, '1.jpg', 357);
INSERT INTO `goods_pic` VALUES (357, '1.jpg', 358);
INSERT INTO `goods_pic` VALUES (358, '1.jpg', 359);
INSERT INTO `goods_pic` VALUES (359, '1.jpg', 360);
INSERT INTO `goods_pic` VALUES (360, '1.jpg', 361);
INSERT INTO `goods_pic` VALUES (361, '1.jpg', 362);
INSERT INTO `goods_pic` VALUES (362, '1.jpg', 363);
INSERT INTO `goods_pic` VALUES (363, '1.jpg', 364);
INSERT INTO `goods_pic` VALUES (364, '1.jpg', 365);
INSERT INTO `goods_pic` VALUES (365, '1.jpg', 366);
INSERT INTO `goods_pic` VALUES (366, '1.jpg', 367);
INSERT INTO `goods_pic` VALUES (367, '1.jpg', 368);
INSERT INTO `goods_pic` VALUES (368, '1.jpg', 369);
INSERT INTO `goods_pic` VALUES (369, '1.jpg', 370);
INSERT INTO `goods_pic` VALUES (370, '1.jpg', 371);
INSERT INTO `goods_pic` VALUES (371, '1.jpg', 372);
INSERT INTO `goods_pic` VALUES (372, '1.jpg', 373);
INSERT INTO `goods_pic` VALUES (373, '1.jpg', 374);
INSERT INTO `goods_pic` VALUES (375, '1.jpg', 376);
INSERT INTO `goods_pic` VALUES (376, '1.jpg', 377);
INSERT INTO `goods_pic` VALUES (377, '1.jpg', 378);
INSERT INTO `goods_pic` VALUES (378, '1.jpg', 379);
INSERT INTO `goods_pic` VALUES (379, '1.jpg', 380);
INSERT INTO `goods_pic` VALUES (380, '1.jpg', 381);
INSERT INTO `goods_pic` VALUES (381, '1.jpg', 382);
INSERT INTO `goods_pic` VALUES (382, '1.jpg', 383);
INSERT INTO `goods_pic` VALUES (383, '1.jpg', 384);
INSERT INTO `goods_pic` VALUES (384, '1.jpg', 385);
INSERT INTO `goods_pic` VALUES (385, '1.jpg', 386);
INSERT INTO `goods_pic` VALUES (386, '1.jpg', 387);
INSERT INTO `goods_pic` VALUES (387, '1.jpg', 388);
INSERT INTO `goods_pic` VALUES (388, '1.jpg', 389);
INSERT INTO `goods_pic` VALUES (389, '1.jpg', 390);
INSERT INTO `goods_pic` VALUES (390, '1.jpg', 391);
INSERT INTO `goods_pic` VALUES (391, '1.jpg', 392);
INSERT INTO `goods_pic` VALUES (392, '1.jpg', 393);
INSERT INTO `goods_pic` VALUES (393, '1.jpg', 394);
INSERT INTO `goods_pic` VALUES (394, '1.jpg', 395);
INSERT INTO `goods_pic` VALUES (395, '1.jpg', 396);
INSERT INTO `goods_pic` VALUES (396, '1.jpg', 397);
INSERT INTO `goods_pic` VALUES (397, '1.jpg', 398);
INSERT INTO `goods_pic` VALUES (398, '1.jpg', 399);
INSERT INTO `goods_pic` VALUES (399, '1.jpg', 400);
INSERT INTO `goods_pic` VALUES (400, '1.jpg', 401);
INSERT INTO `goods_pic` VALUES (401, '1.jpg', 402);
INSERT INTO `goods_pic` VALUES (402, '1.jpg', 403);
INSERT INTO `goods_pic` VALUES (403, '1.jpg', 404);
INSERT INTO `goods_pic` VALUES (523, '1.jpg', 118);
INSERT INTO `goods_pic` VALUES (524, '1.jpg', 119);
INSERT INTO `goods_pic` VALUES (525, '1.jpg', 120);
INSERT INTO `goods_pic` VALUES (526, '1.jpg', 121);
INSERT INTO `goods_pic` VALUES (527, '1.jpg', 122);
INSERT INTO `goods_pic` VALUES (528, '1.jpg', 123);
INSERT INTO `goods_pic` VALUES (529, '1.jpg', 124);
INSERT INTO `goods_pic` VALUES (531, '1.jpg', 126);
INSERT INTO `goods_pic` VALUES (532, '1.jpg', 127);
INSERT INTO `goods_pic` VALUES (534, '1.jpg', 129);
INSERT INTO `goods_pic` VALUES (536, '1.jpg', 131);
INSERT INTO `goods_pic` VALUES (537, '1.jpg', 132);
INSERT INTO `goods_pic` VALUES (538, '1.jpg', 133);
INSERT INTO `goods_pic` VALUES (539, '1.jpg', 134);
INSERT INTO `goods_pic` VALUES (541, '1.jpg', 136);
INSERT INTO `goods_pic` VALUES (542, '1.jpg', 137);
INSERT INTO `goods_pic` VALUES (543, '1.jpg', 138);
INSERT INTO `goods_pic` VALUES (544, '1.jpg', 139);
INSERT INTO `goods_pic` VALUES (545, '1.jpg', 140);
INSERT INTO `goods_pic` VALUES (546, '1.jpg', 141);
INSERT INTO `goods_pic` VALUES (547, '1.jpg', 142);
INSERT INTO `goods_pic` VALUES (548, '1.jpg', 143);
INSERT INTO `goods_pic` VALUES (549, '1.jpg', 144);
INSERT INTO `goods_pic` VALUES (550, '1.jpg', 145);
INSERT INTO `goods_pic` VALUES (551, '1.jpg', 146);
INSERT INTO `goods_pic` VALUES (552, '1.jpg', 147);
INSERT INTO `goods_pic` VALUES (553, '1.jpg', 148);
INSERT INTO `goods_pic` VALUES (554, '1.jpg', 149);
INSERT INTO `goods_pic` VALUES (555, '1.jpg', 150);
INSERT INTO `goods_pic` VALUES (556, '1.jpg', 151);
INSERT INTO `goods_pic` VALUES (557, '1.jpg', 152);
INSERT INTO `goods_pic` VALUES (558, '1.jpg', 153);
INSERT INTO `goods_pic` VALUES (559, '1.jpg', 154);
INSERT INTO `goods_pic` VALUES (561, '1.jpg', 156);
INSERT INTO `goods_pic` VALUES (562, '1.jpg', 157);
INSERT INTO `goods_pic` VALUES (563, '1.jpg', 158);
INSERT INTO `goods_pic` VALUES (564, '1.jpg', 159);
INSERT INTO `goods_pic` VALUES (566, '1.jpg', 161);
INSERT INTO `goods_pic` VALUES (567, '1.jpg', 162);
INSERT INTO `goods_pic` VALUES (568, '1.jpg', 163);
INSERT INTO `goods_pic` VALUES (569, '1.jpg', 164);
INSERT INTO `goods_pic` VALUES (570, '1.jpg', 165);
INSERT INTO `goods_pic` VALUES (571, '1.jpg', 166);
INSERT INTO `goods_pic` VALUES (572, '1.jpg', 167);
INSERT INTO `goods_pic` VALUES (574, '1.jpg', 169);
INSERT INTO `goods_pic` VALUES (575, '1.jpg', 170);
INSERT INTO `goods_pic` VALUES (576, '1.jpg', 171);
INSERT INTO `goods_pic` VALUES (577, '1.jpg', 172);
INSERT INTO `goods_pic` VALUES (578, '1.jpg', 173);
INSERT INTO `goods_pic` VALUES (579, '1.jpg', 174);
INSERT INTO `goods_pic` VALUES (580, '1.jpg', 175);
INSERT INTO `goods_pic` VALUES (581, '1.jpg', 176);
INSERT INTO `goods_pic` VALUES (582, '1.jpg', 177);
INSERT INTO `goods_pic` VALUES (583, '1.jpg', 178);
INSERT INTO `goods_pic` VALUES (584, '1.jpg', 179);
INSERT INTO `goods_pic` VALUES (585, '1.jpg', 180);
INSERT INTO `goods_pic` VALUES (586, '1.jpg', 181);
INSERT INTO `goods_pic` VALUES (587, '1.jpg', 182);
INSERT INTO `goods_pic` VALUES (588, '1.jpg', 183);
INSERT INTO `goods_pic` VALUES (589, '1.jpg', 184);
INSERT INTO `goods_pic` VALUES (590, '1.jpg', 185);
INSERT INTO `goods_pic` VALUES (591, '1.jpg', 186);
INSERT INTO `goods_pic` VALUES (592, '1.jpg', 187);
INSERT INTO `goods_pic` VALUES (593, '1.jpg', 188);
INSERT INTO `goods_pic` VALUES (594, '1.jpg', 189);
INSERT INTO `goods_pic` VALUES (595, '1.jpg', 190);
INSERT INTO `goods_pic` VALUES (596, '1.jpg', 191);
INSERT INTO `goods_pic` VALUES (597, '1.jpg', 192);
INSERT INTO `goods_pic` VALUES (598, '1.jpg', 193);
INSERT INTO `goods_pic` VALUES (599, '1.jpg', 194);
INSERT INTO `goods_pic` VALUES (600, '1.jpg', 195);
INSERT INTO `goods_pic` VALUES (601, '1.jpg', 196);
INSERT INTO `goods_pic` VALUES (602, '1.jpg', 197);
INSERT INTO `goods_pic` VALUES (603, '1.jpg', 198);
INSERT INTO `goods_pic` VALUES (604, '1.jpg', 199);
INSERT INTO `goods_pic` VALUES (605, '1.jpg', 200);
INSERT INTO `goods_pic` VALUES (606, '1.jpg', 201);
INSERT INTO `goods_pic` VALUES (607, '1.jpg', 202);
INSERT INTO `goods_pic` VALUES (608, '1.jpg', 203);
INSERT INTO `goods_pic` VALUES (609, '1.jpg', 204);
INSERT INTO `goods_pic` VALUES (610, '1.jpg', 205);
INSERT INTO `goods_pic` VALUES (611, '1.jpg', 206);
INSERT INTO `goods_pic` VALUES (612, '1.jpg', 207);
INSERT INTO `goods_pic` VALUES (613, '1.jpg', 208);
INSERT INTO `goods_pic` VALUES (614, '1.jpg', 209);
INSERT INTO `goods_pic` VALUES (615, '1.jpg', 210);
INSERT INTO `goods_pic` VALUES (616, '1.jpg', 211);
INSERT INTO `goods_pic` VALUES (617, '1.jpg', 212);
INSERT INTO `goods_pic` VALUES (618, '1.jpg', 213);
INSERT INTO `goods_pic` VALUES (619, '1.jpg', 214);
INSERT INTO `goods_pic` VALUES (620, '1.jpg', 215);
INSERT INTO `goods_pic` VALUES (621, '1.jpg', 216);
INSERT INTO `goods_pic` VALUES (622, '1.jpg', 217);
INSERT INTO `goods_pic` VALUES (623, '1.jpg', 218);
INSERT INTO `goods_pic` VALUES (624, '1.jpg', 219);
INSERT INTO `goods_pic` VALUES (625, '1.jpg', 220);
INSERT INTO `goods_pic` VALUES (626, '1.jpg', 221);
INSERT INTO `goods_pic` VALUES (627, '1.jpg', 222);
INSERT INTO `goods_pic` VALUES (628, '1.jpg', 223);
INSERT INTO `goods_pic` VALUES (629, '1.jpg', 224);
INSERT INTO `goods_pic` VALUES (630, '1.jpg', 225);
INSERT INTO `goods_pic` VALUES (631, '1.jpg', 226);
INSERT INTO `goods_pic` VALUES (632, '1.jpg', 227);
INSERT INTO `goods_pic` VALUES (633, '1.jpg', 228);
INSERT INTO `goods_pic` VALUES (634, '1.jpg', 229);
INSERT INTO `goods_pic` VALUES (635, '1.jpg', 230);
INSERT INTO `goods_pic` VALUES (636, '1.jpg', 231);
INSERT INTO `goods_pic` VALUES (637, '1.jpg', 232);
INSERT INTO `goods_pic` VALUES (638, '1.jpg', 233);
INSERT INTO `goods_pic` VALUES (639, '1.jpg', 234);
INSERT INTO `goods_pic` VALUES (640, '1.jpg', 235);
INSERT INTO `goods_pic` VALUES (641, '1.jpg', 236);
INSERT INTO `goods_pic` VALUES (642, '1.jpg', 237);
INSERT INTO `goods_pic` VALUES (643, '1.jpg', 238);
INSERT INTO `goods_pic` VALUES (644, '1.jpg', 239);
INSERT INTO `goods_pic` VALUES (645, '1.jpg', 240);
INSERT INTO `goods_pic` VALUES (646, '1.jpg', 241);
INSERT INTO `goods_pic` VALUES (647, '1.jpg', 242);
INSERT INTO `goods_pic` VALUES (648, '1.jpg', 243);
INSERT INTO `goods_pic` VALUES (649, '1.jpg', 244);
INSERT INTO `goods_pic` VALUES (650, '1.jpg', 245);
INSERT INTO `goods_pic` VALUES (651, '1.jpg', 246);
INSERT INTO `goods_pic` VALUES (652, '1.jpg', 247);
INSERT INTO `goods_pic` VALUES (653, '1.jpg', 248);
INSERT INTO `goods_pic` VALUES (654, '1.jpg', 249);
INSERT INTO `goods_pic` VALUES (655, '1.jpg', 250);
INSERT INTO `goods_pic` VALUES (656, '1.jpg', 251);
INSERT INTO `goods_pic` VALUES (657, '1.jpg', 252);
INSERT INTO `goods_pic` VALUES (658, '1.jpg', 253);
INSERT INTO `goods_pic` VALUES (659, '1.jpg', 254);
INSERT INTO `goods_pic` VALUES (661, '1.jpg', 256);
INSERT INTO `goods_pic` VALUES (662, '1.jpg', 257);
INSERT INTO `goods_pic` VALUES (663, '1.jpg', 258);
INSERT INTO `goods_pic` VALUES (664, '1.jpg', 259);
INSERT INTO `goods_pic` VALUES (665, '1.jpg', 260);
INSERT INTO `goods_pic` VALUES (666, '1.jpg', 261);
INSERT INTO `goods_pic` VALUES (667, '1.jpg', 262);
INSERT INTO `goods_pic` VALUES (668, '1.jpg', 263);
INSERT INTO `goods_pic` VALUES (669, '1.jpg', 264);
INSERT INTO `goods_pic` VALUES (670, '1.jpg', 265);
INSERT INTO `goods_pic` VALUES (671, '1.jpg', 266);
INSERT INTO `goods_pic` VALUES (672, '1.jpg', 267);
INSERT INTO `goods_pic` VALUES (673, '1.jpg', 268);
INSERT INTO `goods_pic` VALUES (674, '1.jpg', 269);
INSERT INTO `goods_pic` VALUES (675, '1.jpg', 270);
INSERT INTO `goods_pic` VALUES (676, '1.jpg', 271);
INSERT INTO `goods_pic` VALUES (677, '1.jpg', 272);
INSERT INTO `goods_pic` VALUES (678, '1.jpg', 273);
INSERT INTO `goods_pic` VALUES (679, '1.jpg', 274);
INSERT INTO `goods_pic` VALUES (680, '1.jpg', 275);
INSERT INTO `goods_pic` VALUES (681, '1.jpg', 276);
INSERT INTO `goods_pic` VALUES (682, '1.jpg', 277);
INSERT INTO `goods_pic` VALUES (683, '1.jpg', 278);
INSERT INTO `goods_pic` VALUES (684, '1.jpg', 279);
INSERT INTO `goods_pic` VALUES (686, '1.jpg', 281);
INSERT INTO `goods_pic` VALUES (687, '1.jpg', 282);
INSERT INTO `goods_pic` VALUES (688, '1.jpg', 283);
INSERT INTO `goods_pic` VALUES (689, '1.jpg', 284);
INSERT INTO `goods_pic` VALUES (690, '1.jpg', 285);
INSERT INTO `goods_pic` VALUES (691, '1.jpg', 286);
INSERT INTO `goods_pic` VALUES (692, '1.jpg', 287);
INSERT INTO `goods_pic` VALUES (693, '1.jpg', 288);
INSERT INTO `goods_pic` VALUES (694, '1.jpg', 289);
INSERT INTO `goods_pic` VALUES (695, '1.jpg', 290);
INSERT INTO `goods_pic` VALUES (696, '1.jpg', 291);
INSERT INTO `goods_pic` VALUES (697, '1.jpg', 292);
INSERT INTO `goods_pic` VALUES (698, '1.jpg', 293);
INSERT INTO `goods_pic` VALUES (699, '1.jpg', 294);
INSERT INTO `goods_pic` VALUES (701, '1.jpg', 296);
INSERT INTO `goods_pic` VALUES (702, '1.jpg', 297);
INSERT INTO `goods_pic` VALUES (703, '1.jpg', 298);
INSERT INTO `goods_pic` VALUES (704, '1.jpg', 299);
INSERT INTO `goods_pic` VALUES (705, '1.jpg', 300);
INSERT INTO `goods_pic` VALUES (706, '1.jpg', 301);
INSERT INTO `goods_pic` VALUES (707, '1.jpg', 302);
INSERT INTO `goods_pic` VALUES (708, '1.jpg', 303);
INSERT INTO `goods_pic` VALUES (709, '1.jpg', 304);
INSERT INTO `goods_pic` VALUES (710, '1.jpg', 305);
INSERT INTO `goods_pic` VALUES (711, '1.jpg', 306);
INSERT INTO `goods_pic` VALUES (712, '1.jpg', 307);
INSERT INTO `goods_pic` VALUES (713, '1.jpg', 308);
INSERT INTO `goods_pic` VALUES (714, '1.jpg', 309);
INSERT INTO `goods_pic` VALUES (715, '1.jpg', 310);
INSERT INTO `goods_pic` VALUES (716, '1.jpg', 311);
INSERT INTO `goods_pic` VALUES (717, '1.jpg', 312);
INSERT INTO `goods_pic` VALUES (718, '1.jpg', 313);
INSERT INTO `goods_pic` VALUES (719, '1.jpg', 314);
INSERT INTO `goods_pic` VALUES (721, '1.jpg', 316);
INSERT INTO `goods_pic` VALUES (722, '1.jpg', 317);
INSERT INTO `goods_pic` VALUES (723, '1.jpg', 318);
INSERT INTO `goods_pic` VALUES (724, '1.jpg', 319);
INSERT INTO `goods_pic` VALUES (725, '1.jpg', 320);
INSERT INTO `goods_pic` VALUES (726, '1.jpg', 321);
INSERT INTO `goods_pic` VALUES (727, '1.jpg', 322);
INSERT INTO `goods_pic` VALUES (728, '1.jpg', 323);
INSERT INTO `goods_pic` VALUES (729, '1.jpg', 324);
INSERT INTO `goods_pic` VALUES (730, '1.jpg', 325);
INSERT INTO `goods_pic` VALUES (731, '1.jpg', 326);
INSERT INTO `goods_pic` VALUES (732, '1.jpg', 327);
INSERT INTO `goods_pic` VALUES (733, '1.jpg', 328);
INSERT INTO `goods_pic` VALUES (734, '1.jpg', 329);
INSERT INTO `goods_pic` VALUES (735, '1.jpg', 330);
INSERT INTO `goods_pic` VALUES (736, '1.jpg', 331);
INSERT INTO `goods_pic` VALUES (737, '1.jpg', 332);
INSERT INTO `goods_pic` VALUES (738, '1.jpg', 333);
INSERT INTO `goods_pic` VALUES (739, '1.jpg', 334);
INSERT INTO `goods_pic` VALUES (741, '1.jpg', 336);
INSERT INTO `goods_pic` VALUES (742, '1.jpg', 337);
INSERT INTO `goods_pic` VALUES (743, '1.jpg', 338);
INSERT INTO `goods_pic` VALUES (744, '1.jpg', 339);
INSERT INTO `goods_pic` VALUES (745, '1.jpg', 340);
INSERT INTO `goods_pic` VALUES (746, '1.jpg', 341);
INSERT INTO `goods_pic` VALUES (747, '1.jpg', 342);
INSERT INTO `goods_pic` VALUES (748, '1.jpg', 343);
INSERT INTO `goods_pic` VALUES (749, '1.jpg', 344);
INSERT INTO `goods_pic` VALUES (750, '1.jpg', 345);
INSERT INTO `goods_pic` VALUES (751, '1.jpg', 346);
INSERT INTO `goods_pic` VALUES (752, '1.jpg', 347);
INSERT INTO `goods_pic` VALUES (753, '1.jpg', 348);
INSERT INTO `goods_pic` VALUES (754, '1.jpg', 349);
INSERT INTO `goods_pic` VALUES (756, '1.jpg', 351);
INSERT INTO `goods_pic` VALUES (757, '1.jpg', 352);
INSERT INTO `goods_pic` VALUES (758, '1.jpg', 353);
INSERT INTO `goods_pic` VALUES (759, '1.jpg', 354);
INSERT INTO `goods_pic` VALUES (760, '1.jpg', 355);
INSERT INTO `goods_pic` VALUES (761, '1.jpg', 356);
INSERT INTO `goods_pic` VALUES (762, '1.jpg', 357);
INSERT INTO `goods_pic` VALUES (763, '1.jpg', 358);
INSERT INTO `goods_pic` VALUES (764, '1.jpg', 359);
INSERT INTO `goods_pic` VALUES (765, '1.jpg', 360);
INSERT INTO `goods_pic` VALUES (766, '1.jpg', 361);
INSERT INTO `goods_pic` VALUES (767, '1.jpg', 362);
INSERT INTO `goods_pic` VALUES (768, '1.jpg', 363);
INSERT INTO `goods_pic` VALUES (769, '1.jpg', 364);
INSERT INTO `goods_pic` VALUES (770, '1.jpg', 365);
INSERT INTO `goods_pic` VALUES (771, '1.jpg', 366);
INSERT INTO `goods_pic` VALUES (772, '1.jpg', 367);
INSERT INTO `goods_pic` VALUES (773, '1.jpg', 368);
INSERT INTO `goods_pic` VALUES (774, '1.jpg', 369);
INSERT INTO `goods_pic` VALUES (775, '1.jpg', 370);
INSERT INTO `goods_pic` VALUES (776, '1.jpg', 371);
INSERT INTO `goods_pic` VALUES (777, '1.jpg', 372);
INSERT INTO `goods_pic` VALUES (778, '1.jpg', 373);
INSERT INTO `goods_pic` VALUES (779, '1.jpg', 374);
INSERT INTO `goods_pic` VALUES (781, '1.jpg', 376);
INSERT INTO `goods_pic` VALUES (782, '1.jpg', 377);
INSERT INTO `goods_pic` VALUES (783, '1.jpg', 378);
INSERT INTO `goods_pic` VALUES (784, '1.jpg', 379);
INSERT INTO `goods_pic` VALUES (785, '1.jpg', 380);
INSERT INTO `goods_pic` VALUES (786, '1.jpg', 381);
INSERT INTO `goods_pic` VALUES (787, '1.jpg', 382);
INSERT INTO `goods_pic` VALUES (788, '1.jpg', 383);
INSERT INTO `goods_pic` VALUES (789, '1.jpg', 384);
INSERT INTO `goods_pic` VALUES (790, '1.jpg', 385);
INSERT INTO `goods_pic` VALUES (791, '1.jpg', 386);
INSERT INTO `goods_pic` VALUES (792, '1.jpg', 387);
INSERT INTO `goods_pic` VALUES (793, '1.jpg', 388);
INSERT INTO `goods_pic` VALUES (794, '1.jpg', 389);
INSERT INTO `goods_pic` VALUES (1034, '1.jpg', 223);
INSERT INTO `goods_pic` VALUES (1035, '1.jpg', 224);
INSERT INTO `goods_pic` VALUES (1036, '1.jpg', 225);
INSERT INTO `goods_pic` VALUES (1037, '1.jpg', 226);
INSERT INTO `goods_pic` VALUES (1038, '1.jpg', 227);
INSERT INTO `goods_pic` VALUES (1039, '1.jpg', 228);
INSERT INTO `goods_pic` VALUES (1040, '1.jpg', 229);
INSERT INTO `goods_pic` VALUES (1041, '1.jpg', 230);
INSERT INTO `goods_pic` VALUES (1042, '1.jpg', 231);
INSERT INTO `goods_pic` VALUES (1043, '1.jpg', 232);
INSERT INTO `goods_pic` VALUES (1044, '1.jpg', 233);
INSERT INTO `goods_pic` VALUES (1045, '1.jpg', 234);
INSERT INTO `goods_pic` VALUES (1046, '1.jpg', 235);
INSERT INTO `goods_pic` VALUES (1047, '1.jpg', 236);
INSERT INTO `goods_pic` VALUES (1048, '1.jpg', 237);
INSERT INTO `goods_pic` VALUES (1049, '1.jpg', 238);
INSERT INTO `goods_pic` VALUES (1050, '1.jpg', 239);
INSERT INTO `goods_pic` VALUES (1051, '1.jpg', 240);
INSERT INTO `goods_pic` VALUES (1052, '1.jpg', 241);
INSERT INTO `goods_pic` VALUES (1053, '1.jpg', 242);
INSERT INTO `goods_pic` VALUES (1054, '1.jpg', 243);
INSERT INTO `goods_pic` VALUES (1055, '1.jpg', 244);
INSERT INTO `goods_pic` VALUES (1056, '1.jpg', 245);
INSERT INTO `goods_pic` VALUES (1057, '1.jpg', 246);
INSERT INTO `goods_pic` VALUES (1058, '1.jpg', 247);
INSERT INTO `goods_pic` VALUES (1059, '1.jpg', 248);
INSERT INTO `goods_pic` VALUES (1060, '1.jpg', 249);
INSERT INTO `goods_pic` VALUES (1061, '1.jpg', 250);
INSERT INTO `goods_pic` VALUES (1062, '1.jpg', 251);
INSERT INTO `goods_pic` VALUES (1063, '1.jpg', 252);
INSERT INTO `goods_pic` VALUES (1064, '1.jpg', 253);
INSERT INTO `goods_pic` VALUES (1065, '1.jpg', 254);
INSERT INTO `goods_pic` VALUES (1067, '1.jpg', 256);
INSERT INTO `goods_pic` VALUES (1068, '1.jpg', 257);
INSERT INTO `goods_pic` VALUES (1069, '1.jpg', 258);
INSERT INTO `goods_pic` VALUES (1070, '1.jpg', 259);
INSERT INTO `goods_pic` VALUES (1071, '1.jpg', 260);
INSERT INTO `goods_pic` VALUES (1072, '1.jpg', 261);
INSERT INTO `goods_pic` VALUES (1073, '1.jpg', 262);
INSERT INTO `goods_pic` VALUES (1074, '1.jpg', 263);
INSERT INTO `goods_pic` VALUES (1075, '1.jpg', 264);
INSERT INTO `goods_pic` VALUES (1076, '1.jpg', 265);
INSERT INTO `goods_pic` VALUES (1077, '1.jpg', 266);
INSERT INTO `goods_pic` VALUES (1078, '1.jpg', 267);
INSERT INTO `goods_pic` VALUES (1079, '1.jpg', 268);
INSERT INTO `goods_pic` VALUES (1080, '1.jpg', 269);
INSERT INTO `goods_pic` VALUES (1081, '1.jpg', 270);
INSERT INTO `goods_pic` VALUES (1082, '1.jpg', 271);
INSERT INTO `goods_pic` VALUES (1083, '1.jpg', 272);
INSERT INTO `goods_pic` VALUES (1084, '1.jpg', 273);
INSERT INTO `goods_pic` VALUES (1085, '1.jpg', 274);
INSERT INTO `goods_pic` VALUES (1086, '1.jpg', 275);
INSERT INTO `goods_pic` VALUES (1087, '1.jpg', 276);
INSERT INTO `goods_pic` VALUES (1088, '1.jpg', 277);
INSERT INTO `goods_pic` VALUES (1089, '1.jpg', 278);
INSERT INTO `goods_pic` VALUES (1090, '1.jpg', 279);
INSERT INTO `goods_pic` VALUES (1092, '1.jpg', 281);
INSERT INTO `goods_pic` VALUES (1093, '1.jpg', 282);
INSERT INTO `goods_pic` VALUES (1094, '1.jpg', 283);
INSERT INTO `goods_pic` VALUES (1095, '1.jpg', 284);
INSERT INTO `goods_pic` VALUES (1096, '1.jpg', 285);
INSERT INTO `goods_pic` VALUES (1097, '1.jpg', 286);
INSERT INTO `goods_pic` VALUES (1098, '1.jpg', 287);
INSERT INTO `goods_pic` VALUES (1099, '1.jpg', 288);
INSERT INTO `goods_pic` VALUES (1100, '1.jpg', 289);
INSERT INTO `goods_pic` VALUES (1101, '1.jpg', 290);
INSERT INTO `goods_pic` VALUES (1102, '1.jpg', 291);
INSERT INTO `goods_pic` VALUES (1103, '1.jpg', 292);
INSERT INTO `goods_pic` VALUES (1104, '1.jpg', 293);
INSERT INTO `goods_pic` VALUES (1105, '1.jpg', 294);
INSERT INTO `goods_pic` VALUES (1107, '1.jpg', 296);
INSERT INTO `goods_pic` VALUES (1108, '1.jpg', 297);
INSERT INTO `goods_pic` VALUES (1109, '1.jpg', 298);
INSERT INTO `goods_pic` VALUES (1110, '1.jpg', 299);
INSERT INTO `goods_pic` VALUES (1111, '1.jpg', 300);
INSERT INTO `goods_pic` VALUES (1112, '1.jpg', 301);
INSERT INTO `goods_pic` VALUES (1113, '1.jpg', 302);
INSERT INTO `goods_pic` VALUES (1114, '1.jpg', 303);
INSERT INTO `goods_pic` VALUES (1115, '1.jpg', 304);
INSERT INTO `goods_pic` VALUES (1116, '1.jpg', 305);
INSERT INTO `goods_pic` VALUES (1117, '1.jpg', 306);
INSERT INTO `goods_pic` VALUES (1118, '1.jpg', 307);
INSERT INTO `goods_pic` VALUES (1119, '1.jpg', 308);
INSERT INTO `goods_pic` VALUES (1120, '1.jpg', 309);
INSERT INTO `goods_pic` VALUES (1121, '1.jpg', 310);
INSERT INTO `goods_pic` VALUES (1122, '1.jpg', 311);
INSERT INTO `goods_pic` VALUES (1123, '1.jpg', 312);
INSERT INTO `goods_pic` VALUES (1124, '1.jpg', 313);
INSERT INTO `goods_pic` VALUES (1125, '1.jpg', 314);
INSERT INTO `goods_pic` VALUES (1127, '1.jpg', 316);
INSERT INTO `goods_pic` VALUES (1128, '1.jpg', 317);
INSERT INTO `goods_pic` VALUES (1129, '1.jpg', 318);
INSERT INTO `goods_pic` VALUES (1130, '1.jpg', 319);
INSERT INTO `goods_pic` VALUES (1131, '1.jpg', 320);
INSERT INTO `goods_pic` VALUES (1132, '1.jpg', 321);
INSERT INTO `goods_pic` VALUES (1133, '1.jpg', 322);
INSERT INTO `goods_pic` VALUES (1134, '1.jpg', 323);
INSERT INTO `goods_pic` VALUES (1135, '1.jpg', 324);
INSERT INTO `goods_pic` VALUES (1136, '1.jpg', 325);
INSERT INTO `goods_pic` VALUES (1137, '1.jpg', 326);
INSERT INTO `goods_pic` VALUES (1138, '1.jpg', 327);
INSERT INTO `goods_pic` VALUES (1139, '1.jpg', 328);
INSERT INTO `goods_pic` VALUES (1140, '1.jpg', 329);
INSERT INTO `goods_pic` VALUES (1141, '1.jpg', 330);
INSERT INTO `goods_pic` VALUES (1142, '1.jpg', 331);
INSERT INTO `goods_pic` VALUES (1143, '1.jpg', 332);
INSERT INTO `goods_pic` VALUES (1144, '1.jpg', 333);
INSERT INTO `goods_pic` VALUES (1145, '1.jpg', 334);
INSERT INTO `goods_pic` VALUES (1147, '1.jpg', 336);
INSERT INTO `goods_pic` VALUES (1148, '1.jpg', 337);
INSERT INTO `goods_pic` VALUES (1149, '1.jpg', 338);
INSERT INTO `goods_pic` VALUES (1150, '1.jpg', 339);
INSERT INTO `goods_pic` VALUES (1151, '1.jpg', 340);
INSERT INTO `goods_pic` VALUES (1152, '1.jpg', 341);
INSERT INTO `goods_pic` VALUES (1153, '1.jpg', 342);
INSERT INTO `goods_pic` VALUES (1154, '1.jpg', 343);
INSERT INTO `goods_pic` VALUES (1155, '1.jpg', 344);
INSERT INTO `goods_pic` VALUES (1156, '1.jpg', 345);
INSERT INTO `goods_pic` VALUES (1157, '1.jpg', 346);
INSERT INTO `goods_pic` VALUES (1158, '1.jpg', 347);
INSERT INTO `goods_pic` VALUES (1159, '1.jpg', 348);
INSERT INTO `goods_pic` VALUES (1160, '1.jpg', 349);
INSERT INTO `goods_pic` VALUES (1162, '1.jpg', 351);
INSERT INTO `goods_pic` VALUES (1163, '1.jpg', 352);
INSERT INTO `goods_pic` VALUES (1164, '1.jpg', 353);
INSERT INTO `goods_pic` VALUES (1165, '1.jpg', 354);
INSERT INTO `goods_pic` VALUES (1166, '1.jpg', 355);
INSERT INTO `goods_pic` VALUES (1167, '1.jpg', 356);
INSERT INTO `goods_pic` VALUES (1168, '1.jpg', 357);
INSERT INTO `goods_pic` VALUES (1169, '1.jpg', 358);
INSERT INTO `goods_pic` VALUES (1170, '1.jpg', 359);
INSERT INTO `goods_pic` VALUES (1171, '1.jpg', 360);
INSERT INTO `goods_pic` VALUES (1172, '1.jpg', 361);
INSERT INTO `goods_pic` VALUES (1173, '1.jpg', 362);
INSERT INTO `goods_pic` VALUES (1174, '1.jpg', 363);
INSERT INTO `goods_pic` VALUES (1175, '1.jpg', 364);
INSERT INTO `goods_pic` VALUES (1176, '1.jpg', 365);
INSERT INTO `goods_pic` VALUES (1177, '1.jpg', 366);
INSERT INTO `goods_pic` VALUES (1178, '1.jpg', 367);
INSERT INTO `goods_pic` VALUES (1179, '1.jpg', 368);
INSERT INTO `goods_pic` VALUES (1180, '1.jpg', 369);
INSERT INTO `goods_pic` VALUES (1181, '1.jpg', 370);
INSERT INTO `goods_pic` VALUES (1182, '1.jpg', 371);
INSERT INTO `goods_pic` VALUES (1183, '1.jpg', 372);
INSERT INTO `goods_pic` VALUES (1184, '1.jpg', 373);
INSERT INTO `goods_pic` VALUES (1185, '1.jpg', 374);
INSERT INTO `goods_pic` VALUES (1187, '1.jpg', 376);
INSERT INTO `goods_pic` VALUES (1188, '1.jpg', 377);
INSERT INTO `goods_pic` VALUES (1189, '1.jpg', 378);
INSERT INTO `goods_pic` VALUES (1190, '1.jpg', 379);
INSERT INTO `goods_pic` VALUES (1191, '1.jpg', 380);
INSERT INTO `goods_pic` VALUES (1192, '1.jpg', 381);
INSERT INTO `goods_pic` VALUES (1193, '1.jpg', 382);
INSERT INTO `goods_pic` VALUES (1194, '1.jpg', 383);
INSERT INTO `goods_pic` VALUES (1195, '1.jpg', 384);
INSERT INTO `goods_pic` VALUES (1196, '1.jpg', 385);
INSERT INTO `goods_pic` VALUES (1197, '1.jpg', 386);
INSERT INTO `goods_pic` VALUES (1198, '1.jpg', 387);
INSERT INTO `goods_pic` VALUES (1199, '1.jpg', 388);
INSERT INTO `goods_pic` VALUES (1200, '1.jpg', 389);
INSERT INTO `goods_pic` VALUES (1201, '1.jpg', 390);
INSERT INTO `goods_pic` VALUES (1202, '1.jpg', 391);
INSERT INTO `goods_pic` VALUES (1203, '1.jpg', 392);
INSERT INTO `goods_pic` VALUES (1204, '1.jpg', 393);
INSERT INTO `goods_pic` VALUES (1205, '1.jpg', 394);
INSERT INTO `goods_pic` VALUES (1206, '1.jpg', 395);
INSERT INTO `goods_pic` VALUES (1207, '1.jpg', 396);
INSERT INTO `goods_pic` VALUES (1208, '1.jpg', 397);
INSERT INTO `goods_pic` VALUES (1209, '1.jpg', 398);
INSERT INTO `goods_pic` VALUES (1210, '1.jpg', 399);
INSERT INTO `goods_pic` VALUES (1211, '1.jpg', 400);
INSERT INTO `goods_pic` VALUES (1212, '1.jpg', 401);
INSERT INTO `goods_pic` VALUES (1213, '1.jpg', 402);
INSERT INTO `goods_pic` VALUES (1214, '1.jpg', 403);
INSERT INTO `goods_pic` VALUES (1215, '1.jpg', 404);
INSERT INTO `goods_pic` VALUES (1217, '1.jpg', 406);
INSERT INTO `goods_pic` VALUES (1219, '1.jpg', 2);
INSERT INTO `goods_pic` VALUES (1220, '1.jpg', 3);
INSERT INTO `goods_pic` VALUES (1221, '1.jpg', 4);
INSERT INTO `goods_pic` VALUES (1227, '1.jpg', 10);
INSERT INTO `goods_pic` VALUES (1228, '1.jpg', 11);
INSERT INTO `goods_pic` VALUES (1229, '1.jpg', 12);
INSERT INTO `goods_pic` VALUES (1230, '1.jpg', 13);
INSERT INTO `goods_pic` VALUES (1231, '1.jpg', 14);
INSERT INTO `goods_pic` VALUES (1232, '1.jpg', 15);
INSERT INTO `goods_pic` VALUES (1233, '1.jpg', 16);
INSERT INTO `goods_pic` VALUES (1234, '1.jpg', 17);
INSERT INTO `goods_pic` VALUES (1235, '1.jpg', 18);
INSERT INTO `goods_pic` VALUES (1236, '1.jpg', 19);
INSERT INTO `goods_pic` VALUES (1237, '1.jpg', 20);
INSERT INTO `goods_pic` VALUES (1238, '1.jpg', 21);
INSERT INTO `goods_pic` VALUES (1239, '1.jpg', 22);
INSERT INTO `goods_pic` VALUES (1240, '1.jpg', 23);
INSERT INTO `goods_pic` VALUES (1241, '1.jpg', 24);
INSERT INTO `goods_pic` VALUES (1242, '1.jpg', 25);
INSERT INTO `goods_pic` VALUES (1243, '1.jpg', 26);
INSERT INTO `goods_pic` VALUES (1244, '1.jpg', 27);
INSERT INTO `goods_pic` VALUES (1245, '1.jpg', 28);
INSERT INTO `goods_pic` VALUES (1246, '1.jpg', 29);
INSERT INTO `goods_pic` VALUES (1247, '1.jpg', 30);
INSERT INTO `goods_pic` VALUES (1248, '1.jpg', 31);
INSERT INTO `goods_pic` VALUES (1249, '1.jpg', 32);
INSERT INTO `goods_pic` VALUES (1250, '1.jpg', 33);
INSERT INTO `goods_pic` VALUES (1251, '1.jpg', 34);
INSERT INTO `goods_pic` VALUES (1252, '1.jpg', 35);
INSERT INTO `goods_pic` VALUES (1253, '1.jpg', 36);
INSERT INTO `goods_pic` VALUES (1254, '1.jpg', 37);
INSERT INTO `goods_pic` VALUES (1255, '1.jpg', 38);
INSERT INTO `goods_pic` VALUES (1256, '1.jpg', 39);
INSERT INTO `goods_pic` VALUES (1258, '1.jpg', 41);
INSERT INTO `goods_pic` VALUES (1259, '1.jpg', 42);
INSERT INTO `goods_pic` VALUES (1260, '1.jpg', 43);
INSERT INTO `goods_pic` VALUES (1261, '1.jpg', 44);
INSERT INTO `goods_pic` VALUES (1262, '1.jpg', 45);
INSERT INTO `goods_pic` VALUES (1263, '1.jpg', 46);
INSERT INTO `goods_pic` VALUES (1264, '1.jpg', 47);
INSERT INTO `goods_pic` VALUES (1265, '1.jpg', 48);
INSERT INTO `goods_pic` VALUES (1266, '1.jpg', 49);
INSERT INTO `goods_pic` VALUES (1267, '1.jpg', 50);
INSERT INTO `goods_pic` VALUES (1268, '1.jpg', 51);
INSERT INTO `goods_pic` VALUES (1269, '1.jpg', 52);
INSERT INTO `goods_pic` VALUES (1270, '1.jpg', 53);
INSERT INTO `goods_pic` VALUES (1271, '1.jpg', 54);
INSERT INTO `goods_pic` VALUES (1272, '1.jpg', 55);
INSERT INTO `goods_pic` VALUES (1273, '1.jpg', 56);
INSERT INTO `goods_pic` VALUES (1274, '1.jpg', 57);
INSERT INTO `goods_pic` VALUES (1275, '1.jpg', 58);
INSERT INTO `goods_pic` VALUES (1276, '1.jpg', 59);
INSERT INTO `goods_pic` VALUES (1277, '1.jpg', 60);
INSERT INTO `goods_pic` VALUES (1278, '1.jpg', 61);
INSERT INTO `goods_pic` VALUES (1279, '1.jpg', 62);
INSERT INTO `goods_pic` VALUES (1280, '1.jpg', 63);
INSERT INTO `goods_pic` VALUES (1281, '1.jpg', 64);
INSERT INTO `goods_pic` VALUES (1283, '1.jpg', 66);
INSERT INTO `goods_pic` VALUES (1284, '1.jpg', 67);
INSERT INTO `goods_pic` VALUES (1285, '1.jpg', 68);
INSERT INTO `goods_pic` VALUES (1286, '1.jpg', 69);
INSERT INTO `goods_pic` VALUES (1288, '1.jpg', 71);
INSERT INTO `goods_pic` VALUES (1289, '1.jpg', 72);
INSERT INTO `goods_pic` VALUES (1290, '1.jpg', 73);
INSERT INTO `goods_pic` VALUES (1291, '1.jpg', 74);
INSERT INTO `goods_pic` VALUES (1292, '1.jpg', 75);
INSERT INTO `goods_pic` VALUES (1293, '1.jpg', 76);
INSERT INTO `goods_pic` VALUES (1294, '1.jpg', 77);
INSERT INTO `goods_pic` VALUES (1295, '1.jpg', 78);
INSERT INTO `goods_pic` VALUES (1296, '1.jpg', 79);
INSERT INTO `goods_pic` VALUES (1297, '1.jpg', 80);
INSERT INTO `goods_pic` VALUES (1298, '1.jpg', 81);
INSERT INTO `goods_pic` VALUES (1299, '1.jpg', 82);
INSERT INTO `goods_pic` VALUES (1300, '1.jpg', 83);
INSERT INTO `goods_pic` VALUES (1301, '1.jpg', 84);
INSERT INTO `goods_pic` VALUES (1302, '1.jpg', 85);
INSERT INTO `goods_pic` VALUES (1303, '1.jpg', 86);
INSERT INTO `goods_pic` VALUES (1304, '1.jpg', 87);
INSERT INTO `goods_pic` VALUES (1305, '1.jpg', 88);
INSERT INTO `goods_pic` VALUES (1306, '1.jpg', 89);
INSERT INTO `goods_pic` VALUES (1307, '1.jpg', 90);
INSERT INTO `goods_pic` VALUES (1308, '1.jpg', 91);
INSERT INTO `goods_pic` VALUES (1309, '1.jpg', 92);
INSERT INTO `goods_pic` VALUES (1310, '1.jpg', 93);
INSERT INTO `goods_pic` VALUES (1311, '1.jpg', 94);
INSERT INTO `goods_pic` VALUES (1313, '1.jpg', 96);
INSERT INTO `goods_pic` VALUES (1314, '1.jpg', 97);
INSERT INTO `goods_pic` VALUES (1315, '1.jpg', 98);
INSERT INTO `goods_pic` VALUES (1316, '1.jpg', 99);
INSERT INTO `goods_pic` VALUES (1317, '1.jpg', 100);
INSERT INTO `goods_pic` VALUES (1318, '1.jpg', 101);
INSERT INTO `goods_pic` VALUES (1319, '1.jpg', 102);
INSERT INTO `goods_pic` VALUES (1320, '1.jpg', 103);
INSERT INTO `goods_pic` VALUES (1321, '1.jpg', 104);
INSERT INTO `goods_pic` VALUES (1322, '1.jpg', 105);
INSERT INTO `goods_pic` VALUES (1323, '1.jpg', 106);
INSERT INTO `goods_pic` VALUES (1324, '1.jpg', 107);
INSERT INTO `goods_pic` VALUES (1325, '1.jpg', 108);
INSERT INTO `goods_pic` VALUES (1326, '1.jpg', 109);
INSERT INTO `goods_pic` VALUES (1327, '1.jpg', 110);
INSERT INTO `goods_pic` VALUES (1328, '1.jpg', 111);
INSERT INTO `goods_pic` VALUES (1329, '1.jpg', 112);
INSERT INTO `goods_pic` VALUES (1330, '1.jpg', 113);
INSERT INTO `goods_pic` VALUES (1331, '1.jpg', 114);
INSERT INTO `goods_pic` VALUES (1332, '1.jpg', 115);
INSERT INTO `goods_pic` VALUES (1333, '1.jpg', 116);
INSERT INTO `goods_pic` VALUES (1334, '1.jpg', 117);
INSERT INTO `goods_pic` VALUES (1335, '1.jpg', 118);
INSERT INTO `goods_pic` VALUES (1336, '1.jpg', 119);
INSERT INTO `goods_pic` VALUES (1337, '1.jpg', 120);
INSERT INTO `goods_pic` VALUES (1338, '1.jpg', 121);
INSERT INTO `goods_pic` VALUES (1339, '1.jpg', 122);
INSERT INTO `goods_pic` VALUES (1340, '1.jpg', 123);
INSERT INTO `goods_pic` VALUES (1341, '1.jpg', 124);
INSERT INTO `goods_pic` VALUES (1343, '1.jpg', 126);
INSERT INTO `goods_pic` VALUES (1344, '1.jpg', 127);
INSERT INTO `goods_pic` VALUES (1346, '1.jpg', 129);
INSERT INTO `goods_pic` VALUES (1348, '1.jpg', 131);
INSERT INTO `goods_pic` VALUES (1349, '1.jpg', 132);
INSERT INTO `goods_pic` VALUES (1350, '1.jpg', 133);
INSERT INTO `goods_pic` VALUES (1351, '1.jpg', 134);
INSERT INTO `goods_pic` VALUES (1353, '1.jpg', 136);
INSERT INTO `goods_pic` VALUES (1354, '1.jpg', 137);
INSERT INTO `goods_pic` VALUES (1355, '1.jpg', 138);
INSERT INTO `goods_pic` VALUES (1356, '1.jpg', 139);
INSERT INTO `goods_pic` VALUES (1357, '1.jpg', 140);
INSERT INTO `goods_pic` VALUES (1358, '1.jpg', 141);
INSERT INTO `goods_pic` VALUES (1359, '1.jpg', 142);
INSERT INTO `goods_pic` VALUES (1360, '1.jpg', 143);
INSERT INTO `goods_pic` VALUES (1361, '1.jpg', 144);
INSERT INTO `goods_pic` VALUES (1362, '1.jpg', 145);
INSERT INTO `goods_pic` VALUES (1363, '1.jpg', 146);
INSERT INTO `goods_pic` VALUES (1364, '1.jpg', 147);
INSERT INTO `goods_pic` VALUES (1365, '1.jpg', 148);
INSERT INTO `goods_pic` VALUES (1366, '1.jpg', 149);
INSERT INTO `goods_pic` VALUES (1367, '1.jpg', 150);
INSERT INTO `goods_pic` VALUES (1368, '1.jpg', 151);
INSERT INTO `goods_pic` VALUES (1369, '1.jpg', 152);
INSERT INTO `goods_pic` VALUES (1370, '1.jpg', 153);
INSERT INTO `goods_pic` VALUES (1371, '1.jpg', 154);
INSERT INTO `goods_pic` VALUES (1373, '1.jpg', 156);
INSERT INTO `goods_pic` VALUES (1374, '1.jpg', 157);
INSERT INTO `goods_pic` VALUES (1375, '1.jpg', 158);
INSERT INTO `goods_pic` VALUES (1376, '1.jpg', 159);
INSERT INTO `goods_pic` VALUES (1378, '1.jpg', 161);
INSERT INTO `goods_pic` VALUES (1379, '1.jpg', 162);
INSERT INTO `goods_pic` VALUES (1380, '1.jpg', 163);
INSERT INTO `goods_pic` VALUES (1381, '1.jpg', 164);
INSERT INTO `goods_pic` VALUES (1382, '1.jpg', 165);
INSERT INTO `goods_pic` VALUES (1383, '1.jpg', 166);
INSERT INTO `goods_pic` VALUES (1384, '1.jpg', 167);
INSERT INTO `goods_pic` VALUES (1386, '1.jpg', 169);
INSERT INTO `goods_pic` VALUES (1387, '1.jpg', 170);
INSERT INTO `goods_pic` VALUES (1388, '1.jpg', 171);
INSERT INTO `goods_pic` VALUES (1389, '1.jpg', 172);
INSERT INTO `goods_pic` VALUES (1390, '1.jpg', 173);
INSERT INTO `goods_pic` VALUES (1391, '1.jpg', 174);
INSERT INTO `goods_pic` VALUES (1392, '1.jpg', 175);
INSERT INTO `goods_pic` VALUES (1393, '1.jpg', 176);
INSERT INTO `goods_pic` VALUES (1394, '1.jpg', 177);
INSERT INTO `goods_pic` VALUES (1395, '1.jpg', 178);
INSERT INTO `goods_pic` VALUES (1396, '1.jpg', 179);
INSERT INTO `goods_pic` VALUES (1397, '1.jpg', 180);
INSERT INTO `goods_pic` VALUES (1398, '1.jpg', 181);
INSERT INTO `goods_pic` VALUES (1399, '1.jpg', 182);
INSERT INTO `goods_pic` VALUES (1400, '1.jpg', 183);
INSERT INTO `goods_pic` VALUES (1401, '1.jpg', 184);
INSERT INTO `goods_pic` VALUES (1402, '1.jpg', 185);
INSERT INTO `goods_pic` VALUES (1403, '1.jpg', 186);
INSERT INTO `goods_pic` VALUES (1404, '1.jpg', 187);
INSERT INTO `goods_pic` VALUES (1405, '1.jpg', 188);
INSERT INTO `goods_pic` VALUES (1406, '1.jpg', 189);
INSERT INTO `goods_pic` VALUES (1407, '1.jpg', 190);
INSERT INTO `goods_pic` VALUES (1408, '1.jpg', 191);
INSERT INTO `goods_pic` VALUES (1409, '1.jpg', 192);
INSERT INTO `goods_pic` VALUES (1410, '1.jpg', 193);
INSERT INTO `goods_pic` VALUES (1411, '1.jpg', 194);
INSERT INTO `goods_pic` VALUES (1412, '1.jpg', 195);
INSERT INTO `goods_pic` VALUES (1413, '1.jpg', 196);
INSERT INTO `goods_pic` VALUES (1414, '1.jpg', 197);
INSERT INTO `goods_pic` VALUES (1415, '1.jpg', 198);
INSERT INTO `goods_pic` VALUES (1416, '1.jpg', 199);
INSERT INTO `goods_pic` VALUES (1417, '1.jpg', 200);
INSERT INTO `goods_pic` VALUES (1418, '1.jpg', 201);
INSERT INTO `goods_pic` VALUES (1419, '1.jpg', 202);
INSERT INTO `goods_pic` VALUES (1420, '1.jpg', 203);
INSERT INTO `goods_pic` VALUES (1421, '1.jpg', 204);
INSERT INTO `goods_pic` VALUES (1422, '1.jpg', 205);
INSERT INTO `goods_pic` VALUES (1423, '1.jpg', 206);
INSERT INTO `goods_pic` VALUES (1424, '1.jpg', 207);
INSERT INTO `goods_pic` VALUES (1425, '1.jpg', 208);
INSERT INTO `goods_pic` VALUES (1426, '1.jpg', 209);
INSERT INTO `goods_pic` VALUES (1427, '1.jpg', 210);
INSERT INTO `goods_pic` VALUES (1428, '1.jpg', 211);
INSERT INTO `goods_pic` VALUES (1429, '1.jpg', 212);
INSERT INTO `goods_pic` VALUES (1430, '1.jpg', 213);
INSERT INTO `goods_pic` VALUES (1431, '1.jpg', 214);
INSERT INTO `goods_pic` VALUES (1432, '1.jpg', 215);
INSERT INTO `goods_pic` VALUES (1433, '1.jpg', 216);
INSERT INTO `goods_pic` VALUES (1434, '1.jpg', 217);
INSERT INTO `goods_pic` VALUES (1435, '1.jpg', 218);
INSERT INTO `goods_pic` VALUES (1436, '1.jpg', 219);
INSERT INTO `goods_pic` VALUES (1437, '1.jpg', 220);
INSERT INTO `goods_pic` VALUES (1438, '1.jpg', 221);
INSERT INTO `goods_pic` VALUES (1439, '1.jpg', 222);
INSERT INTO `goods_pic` VALUES (1440, '1.jpg', 223);
INSERT INTO `goods_pic` VALUES (1441, '1.jpg', 224);
INSERT INTO `goods_pic` VALUES (1442, '1.jpg', 225);
INSERT INTO `goods_pic` VALUES (1443, '1.jpg', 226);
INSERT INTO `goods_pic` VALUES (1444, '1.jpg', 227);
INSERT INTO `goods_pic` VALUES (1445, '1.jpg', 228);
INSERT INTO `goods_pic` VALUES (1446, '1.jpg', 229);
INSERT INTO `goods_pic` VALUES (1447, '1.jpg', 230);
INSERT INTO `goods_pic` VALUES (1448, '1.jpg', 231);
INSERT INTO `goods_pic` VALUES (1449, '1.jpg', 232);
INSERT INTO `goods_pic` VALUES (1450, '1.jpg', 233);
INSERT INTO `goods_pic` VALUES (1451, '1.jpg', 234);
INSERT INTO `goods_pic` VALUES (1452, '1.jpg', 235);
INSERT INTO `goods_pic` VALUES (1453, '1.jpg', 236);
INSERT INTO `goods_pic` VALUES (1454, '1.jpg', 237);
INSERT INTO `goods_pic` VALUES (1455, '1.jpg', 238);
INSERT INTO `goods_pic` VALUES (1456, '1.jpg', 239);
INSERT INTO `goods_pic` VALUES (1457, '1.jpg', 240);
INSERT INTO `goods_pic` VALUES (1458, '1.jpg', 241);
INSERT INTO `goods_pic` VALUES (1459, '1.jpg', 242);
INSERT INTO `goods_pic` VALUES (1460, '1.jpg', 243);
INSERT INTO `goods_pic` VALUES (1461, '1.jpg', 244);
INSERT INTO `goods_pic` VALUES (1462, '1.jpg', 245);
INSERT INTO `goods_pic` VALUES (1463, '1.jpg', 246);
INSERT INTO `goods_pic` VALUES (1464, '1.jpg', 247);
INSERT INTO `goods_pic` VALUES (1465, '1.jpg', 248);
INSERT INTO `goods_pic` VALUES (1466, '1.jpg', 249);
INSERT INTO `goods_pic` VALUES (1467, '1.jpg', 250);
INSERT INTO `goods_pic` VALUES (1468, '1.jpg', 251);
INSERT INTO `goods_pic` VALUES (1469, '1.jpg', 252);
INSERT INTO `goods_pic` VALUES (1470, '1.jpg', 253);
INSERT INTO `goods_pic` VALUES (1471, '1.jpg', 254);
INSERT INTO `goods_pic` VALUES (1473, '1.jpg', 256);
INSERT INTO `goods_pic` VALUES (1474, '1.jpg', 257);
INSERT INTO `goods_pic` VALUES (1475, '1.jpg', 258);
INSERT INTO `goods_pic` VALUES (1476, '1.jpg', 259);
INSERT INTO `goods_pic` VALUES (1477, '1.jpg', 260);
INSERT INTO `goods_pic` VALUES (1478, '1.jpg', 261);
INSERT INTO `goods_pic` VALUES (1479, '1.jpg', 262);
INSERT INTO `goods_pic` VALUES (1480, '1.jpg', 263);
INSERT INTO `goods_pic` VALUES (1481, '1.jpg', 264);
INSERT INTO `goods_pic` VALUES (1482, '1.jpg', 265);
INSERT INTO `goods_pic` VALUES (1483, '1.jpg', 266);
INSERT INTO `goods_pic` VALUES (1484, '1.jpg', 267);
INSERT INTO `goods_pic` VALUES (1485, '1.jpg', 268);
INSERT INTO `goods_pic` VALUES (1486, '1.jpg', 269);
INSERT INTO `goods_pic` VALUES (1487, '1.jpg', 270);
INSERT INTO `goods_pic` VALUES (1488, '1.jpg', 271);
INSERT INTO `goods_pic` VALUES (1489, '1.jpg', 272);
INSERT INTO `goods_pic` VALUES (1490, '1.jpg', 273);
INSERT INTO `goods_pic` VALUES (1491, '1.jpg', 274);
INSERT INTO `goods_pic` VALUES (1492, '1.jpg', 275);
INSERT INTO `goods_pic` VALUES (1493, '1.jpg', 276);
INSERT INTO `goods_pic` VALUES (1494, '1.jpg', 277);
INSERT INTO `goods_pic` VALUES (1495, '1.jpg', 278);
INSERT INTO `goods_pic` VALUES (1496, '1.jpg', 279);
INSERT INTO `goods_pic` VALUES (1498, '1.jpg', 281);
INSERT INTO `goods_pic` VALUES (1499, '1.jpg', 282);
INSERT INTO `goods_pic` VALUES (1500, '1.jpg', 283);
INSERT INTO `goods_pic` VALUES (1501, '1.jpg', 284);
INSERT INTO `goods_pic` VALUES (1502, '1.jpg', 285);
INSERT INTO `goods_pic` VALUES (1503, '1.jpg', 286);
INSERT INTO `goods_pic` VALUES (1504, '1.jpg', 287);
INSERT INTO `goods_pic` VALUES (1505, '1.jpg', 288);
INSERT INTO `goods_pic` VALUES (1506, '1.jpg', 289);
INSERT INTO `goods_pic` VALUES (1507, '1.jpg', 290);
INSERT INTO `goods_pic` VALUES (1508, '1.jpg', 291);
INSERT INTO `goods_pic` VALUES (1509, '1.jpg', 292);
INSERT INTO `goods_pic` VALUES (1510, '1.jpg', 293);
INSERT INTO `goods_pic` VALUES (1511, '1.jpg', 294);
INSERT INTO `goods_pic` VALUES (1513, '1.jpg', 296);
INSERT INTO `goods_pic` VALUES (1514, '1.jpg', 297);
INSERT INTO `goods_pic` VALUES (1515, '1.jpg', 298);
INSERT INTO `goods_pic` VALUES (1516, '1.jpg', 299);
INSERT INTO `goods_pic` VALUES (1517, '1.jpg', 300);
INSERT INTO `goods_pic` VALUES (1518, '1.jpg', 301);
INSERT INTO `goods_pic` VALUES (1519, '1.jpg', 302);
INSERT INTO `goods_pic` VALUES (1520, '1.jpg', 303);
INSERT INTO `goods_pic` VALUES (1521, '1.jpg', 304);
INSERT INTO `goods_pic` VALUES (1522, '1.jpg', 305);
INSERT INTO `goods_pic` VALUES (1523, '1.jpg', 306);
INSERT INTO `goods_pic` VALUES (1524, '1.jpg', 307);
INSERT INTO `goods_pic` VALUES (1525, '1.jpg', 308);
INSERT INTO `goods_pic` VALUES (1526, '1.jpg', 309);
INSERT INTO `goods_pic` VALUES (1527, '1.jpg', 310);
INSERT INTO `goods_pic` VALUES (1528, '1.jpg', 311);
INSERT INTO `goods_pic` VALUES (1529, '1.jpg', 312);
INSERT INTO `goods_pic` VALUES (1530, '1.jpg', 313);
INSERT INTO `goods_pic` VALUES (1531, '1.jpg', 314);
INSERT INTO `goods_pic` VALUES (1533, '1.jpg', 316);
INSERT INTO `goods_pic` VALUES (1534, '1.jpg', 317);
INSERT INTO `goods_pic` VALUES (1535, '1.jpg', 318);
INSERT INTO `goods_pic` VALUES (1536, '1.jpg', 319);
INSERT INTO `goods_pic` VALUES (1537, '1.jpg', 320);
INSERT INTO `goods_pic` VALUES (1538, '1.jpg', 321);
INSERT INTO `goods_pic` VALUES (1539, '1.jpg', 322);
INSERT INTO `goods_pic` VALUES (1540, '1.jpg', 323);
INSERT INTO `goods_pic` VALUES (1541, '1.jpg', 324);
INSERT INTO `goods_pic` VALUES (1542, '1.jpg', 325);
INSERT INTO `goods_pic` VALUES (1543, '1.jpg', 326);
INSERT INTO `goods_pic` VALUES (1544, '1.jpg', 327);
INSERT INTO `goods_pic` VALUES (1545, '1.jpg', 328);
INSERT INTO `goods_pic` VALUES (1546, '1.jpg', 329);
INSERT INTO `goods_pic` VALUES (1547, '1.jpg', 330);
INSERT INTO `goods_pic` VALUES (1548, '1.jpg', 331);
INSERT INTO `goods_pic` VALUES (1549, '1.jpg', 332);
INSERT INTO `goods_pic` VALUES (1550, '1.jpg', 333);
INSERT INTO `goods_pic` VALUES (1551, '1.jpg', 334);
INSERT INTO `goods_pic` VALUES (1553, '1.jpg', 336);
INSERT INTO `goods_pic` VALUES (1554, '1.jpg', 337);
INSERT INTO `goods_pic` VALUES (1555, '1.jpg', 338);
INSERT INTO `goods_pic` VALUES (1556, '1.jpg', 339);
INSERT INTO `goods_pic` VALUES (1557, '1.jpg', 340);
INSERT INTO `goods_pic` VALUES (1558, '1.jpg', 341);
INSERT INTO `goods_pic` VALUES (1559, '1.jpg', 342);
INSERT INTO `goods_pic` VALUES (1560, '1.jpg', 343);
INSERT INTO `goods_pic` VALUES (1561, '1.jpg', 344);
INSERT INTO `goods_pic` VALUES (1562, '1.jpg', 345);
INSERT INTO `goods_pic` VALUES (1563, '1.jpg', 346);
INSERT INTO `goods_pic` VALUES (1564, '1.jpg', 347);
INSERT INTO `goods_pic` VALUES (1565, '1.jpg', 348);
INSERT INTO `goods_pic` VALUES (1566, '1.jpg', 349);
INSERT INTO `goods_pic` VALUES (1568, '1.jpg', 351);
INSERT INTO `goods_pic` VALUES (1569, '1.jpg', 352);
INSERT INTO `goods_pic` VALUES (1570, '1.jpg', 353);
INSERT INTO `goods_pic` VALUES (1571, '1.jpg', 354);
INSERT INTO `goods_pic` VALUES (1572, '1.jpg', 355);
INSERT INTO `goods_pic` VALUES (1573, '1.jpg', 356);
INSERT INTO `goods_pic` VALUES (1574, '1.jpg', 357);
INSERT INTO `goods_pic` VALUES (1575, '1.jpg', 358);
INSERT INTO `goods_pic` VALUES (1576, '1.jpg', 359);
INSERT INTO `goods_pic` VALUES (1577, '1.jpg', 360);
INSERT INTO `goods_pic` VALUES (2057, '1.jpg', 28);
INSERT INTO `goods_pic` VALUES (2058, '1.jpg', 29);
INSERT INTO `goods_pic` VALUES (2059, '1.jpg', 30);
INSERT INTO `goods_pic` VALUES (2060, '1.jpg', 31);
INSERT INTO `goods_pic` VALUES (2061, '1.jpg', 32);
INSERT INTO `goods_pic` VALUES (2062, '1.jpg', 33);
INSERT INTO `goods_pic` VALUES (2063, '1.jpg', 34);
INSERT INTO `goods_pic` VALUES (2064, '1.jpg', 35);
INSERT INTO `goods_pic` VALUES (2065, '1.jpg', 36);
INSERT INTO `goods_pic` VALUES (2066, '1.jpg', 37);
INSERT INTO `goods_pic` VALUES (2067, '1.jpg', 38);
INSERT INTO `goods_pic` VALUES (2068, '1.jpg', 39);
INSERT INTO `goods_pic` VALUES (2070, '1.jpg', 41);
INSERT INTO `goods_pic` VALUES (2071, '1.jpg', 42);
INSERT INTO `goods_pic` VALUES (2072, '1.jpg', 43);
INSERT INTO `goods_pic` VALUES (2073, '1.jpg', 44);
INSERT INTO `goods_pic` VALUES (2074, '1.jpg', 45);
INSERT INTO `goods_pic` VALUES (2075, '1.jpg', 46);
INSERT INTO `goods_pic` VALUES (2076, '1.jpg', 47);
INSERT INTO `goods_pic` VALUES (2077, '1.jpg', 48);
INSERT INTO `goods_pic` VALUES (2078, '1.jpg', 49);
INSERT INTO `goods_pic` VALUES (2079, '1.jpg', 50);
INSERT INTO `goods_pic` VALUES (2080, '1.jpg', 51);
INSERT INTO `goods_pic` VALUES (2081, '1.jpg', 52);
INSERT INTO `goods_pic` VALUES (2082, '1.jpg', 53);
INSERT INTO `goods_pic` VALUES (2083, '1.jpg', 54);
INSERT INTO `goods_pic` VALUES (2084, '1.jpg', 55);
INSERT INTO `goods_pic` VALUES (2085, '1.jpg', 56);
INSERT INTO `goods_pic` VALUES (2086, '1.jpg', 57);
INSERT INTO `goods_pic` VALUES (2087, '1.jpg', 58);
INSERT INTO `goods_pic` VALUES (2088, '1.jpg', 59);
INSERT INTO `goods_pic` VALUES (2089, '1.jpg', 60);
INSERT INTO `goods_pic` VALUES (2090, '1.jpg', 61);
INSERT INTO `goods_pic` VALUES (2091, '1.jpg', 62);
INSERT INTO `goods_pic` VALUES (2092, '1.jpg', 63);
INSERT INTO `goods_pic` VALUES (2093, '1.jpg', 64);
INSERT INTO `goods_pic` VALUES (2095, '1.jpg', 66);
INSERT INTO `goods_pic` VALUES (2096, '1.jpg', 67);
INSERT INTO `goods_pic` VALUES (2097, '1.jpg', 68);
INSERT INTO `goods_pic` VALUES (2098, '1.jpg', 69);
INSERT INTO `goods_pic` VALUES (2100, '1.jpg', 71);
INSERT INTO `goods_pic` VALUES (2101, '1.jpg', 72);
INSERT INTO `goods_pic` VALUES (2102, '1.jpg', 73);
INSERT INTO `goods_pic` VALUES (2103, '1.jpg', 74);
INSERT INTO `goods_pic` VALUES (2104, '1.jpg', 75);
INSERT INTO `goods_pic` VALUES (2105, '1.jpg', 76);
INSERT INTO `goods_pic` VALUES (2106, '1.jpg', 77);
INSERT INTO `goods_pic` VALUES (2107, '1.jpg', 78);
INSERT INTO `goods_pic` VALUES (2108, '1.jpg', 79);
INSERT INTO `goods_pic` VALUES (2109, '1.jpg', 80);
INSERT INTO `goods_pic` VALUES (2110, '1.jpg', 81);
INSERT INTO `goods_pic` VALUES (2111, '1.jpg', 82);
INSERT INTO `goods_pic` VALUES (2112, '1.jpg', 83);
INSERT INTO `goods_pic` VALUES (2113, '1.jpg', 84);
INSERT INTO `goods_pic` VALUES (2114, '1.jpg', 85);
INSERT INTO `goods_pic` VALUES (2115, '1.jpg', 86);
INSERT INTO `goods_pic` VALUES (2116, '1.jpg', 87);
INSERT INTO `goods_pic` VALUES (2117, '1.jpg', 88);
INSERT INTO `goods_pic` VALUES (2118, '1.jpg', 89);
INSERT INTO `goods_pic` VALUES (2119, '1.jpg', 90);
INSERT INTO `goods_pic` VALUES (2120, '1.jpg', 91);
INSERT INTO `goods_pic` VALUES (2121, '1.jpg', 92);
INSERT INTO `goods_pic` VALUES (2122, '1.jpg', 93);
INSERT INTO `goods_pic` VALUES (2123, '1.jpg', 94);
INSERT INTO `goods_pic` VALUES (2125, '1.jpg', 96);
INSERT INTO `goods_pic` VALUES (2126, '1.jpg', 97);
INSERT INTO `goods_pic` VALUES (2127, '1.jpg', 98);
INSERT INTO `goods_pic` VALUES (2128, '1.jpg', 99);
INSERT INTO `goods_pic` VALUES (2129, '1.jpg', 100);
INSERT INTO `goods_pic` VALUES (2130, '1.jpg', 101);
INSERT INTO `goods_pic` VALUES (2131, '1.jpg', 102);
INSERT INTO `goods_pic` VALUES (2132, '1.jpg', 103);
INSERT INTO `goods_pic` VALUES (2133, '1.jpg', 104);
INSERT INTO `goods_pic` VALUES (2134, '1.jpg', 105);
INSERT INTO `goods_pic` VALUES (2135, '1.jpg', 106);
INSERT INTO `goods_pic` VALUES (2136, '1.jpg', 107);
INSERT INTO `goods_pic` VALUES (2137, '1.jpg', 108);
INSERT INTO `goods_pic` VALUES (2138, '1.jpg', 109);
INSERT INTO `goods_pic` VALUES (2139, '1.jpg', 110);
INSERT INTO `goods_pic` VALUES (2140, '1.jpg', 111);
INSERT INTO `goods_pic` VALUES (2141, '1.jpg', 112);
INSERT INTO `goods_pic` VALUES (2142, '1.jpg', 113);
INSERT INTO `goods_pic` VALUES (2143, '1.jpg', 114);
INSERT INTO `goods_pic` VALUES (2144, '1.jpg', 115);
INSERT INTO `goods_pic` VALUES (2145, '1.jpg', 116);
INSERT INTO `goods_pic` VALUES (2146, '1.jpg', 117);
INSERT INTO `goods_pic` VALUES (2147, '1.jpg', 118);
INSERT INTO `goods_pic` VALUES (2148, '1.jpg', 119);
INSERT INTO `goods_pic` VALUES (2149, '1.jpg', 120);
INSERT INTO `goods_pic` VALUES (2150, '1.jpg', 121);
INSERT INTO `goods_pic` VALUES (2151, '1.jpg', 122);
INSERT INTO `goods_pic` VALUES (2152, '1.jpg', 123);
INSERT INTO `goods_pic` VALUES (2153, '1.jpg', 124);
INSERT INTO `goods_pic` VALUES (2155, '1.jpg', 126);
INSERT INTO `goods_pic` VALUES (2156, '1.jpg', 127);
INSERT INTO `goods_pic` VALUES (2158, '1.jpg', 129);
INSERT INTO `goods_pic` VALUES (2160, '1.jpg', 131);
INSERT INTO `goods_pic` VALUES (2161, '1.jpg', 132);
INSERT INTO `goods_pic` VALUES (2162, '1.jpg', 133);
INSERT INTO `goods_pic` VALUES (2163, '1.jpg', 134);
INSERT INTO `goods_pic` VALUES (2165, '1.jpg', 136);
INSERT INTO `goods_pic` VALUES (2166, '1.jpg', 137);
INSERT INTO `goods_pic` VALUES (2167, '1.jpg', 138);
INSERT INTO `goods_pic` VALUES (2168, '1.jpg', 139);
INSERT INTO `goods_pic` VALUES (2169, '1.jpg', 140);
INSERT INTO `goods_pic` VALUES (2170, '1.jpg', 141);
INSERT INTO `goods_pic` VALUES (2171, '1.jpg', 142);
INSERT INTO `goods_pic` VALUES (2172, '1.jpg', 143);
INSERT INTO `goods_pic` VALUES (2173, '1.jpg', 144);
INSERT INTO `goods_pic` VALUES (2174, '1.jpg', 145);
INSERT INTO `goods_pic` VALUES (2175, '1.jpg', 146);
INSERT INTO `goods_pic` VALUES (2176, '1.jpg', 147);
INSERT INTO `goods_pic` VALUES (2177, '1.jpg', 148);
INSERT INTO `goods_pic` VALUES (2178, '1.jpg', 149);
INSERT INTO `goods_pic` VALUES (2179, '1.jpg', 150);
INSERT INTO `goods_pic` VALUES (2180, '1.jpg', 151);
INSERT INTO `goods_pic` VALUES (2181, '1.jpg', 152);
INSERT INTO `goods_pic` VALUES (2182, '1.jpg', 153);
INSERT INTO `goods_pic` VALUES (2183, '1.jpg', 154);
INSERT INTO `goods_pic` VALUES (2185, '1.jpg', 156);
INSERT INTO `goods_pic` VALUES (2186, '1.jpg', 157);
INSERT INTO `goods_pic` VALUES (2187, '1.jpg', 158);
INSERT INTO `goods_pic` VALUES (2188, '1.jpg', 159);
INSERT INTO `goods_pic` VALUES (2190, '1.jpg', 161);
INSERT INTO `goods_pic` VALUES (2191, '1.jpg', 162);
INSERT INTO `goods_pic` VALUES (2192, '1.jpg', 163);
INSERT INTO `goods_pic` VALUES (2193, '1.jpg', 164);
INSERT INTO `goods_pic` VALUES (2194, '1.jpg', 165);
INSERT INTO `goods_pic` VALUES (2195, '1.jpg', 166);
INSERT INTO `goods_pic` VALUES (2196, '1.jpg', 167);
INSERT INTO `goods_pic` VALUES (2198, '1.jpg', 169);
INSERT INTO `goods_pic` VALUES (2199, '1.jpg', 170);
INSERT INTO `goods_pic` VALUES (2200, '1.jpg', 171);
INSERT INTO `goods_pic` VALUES (2201, '1.jpg', 172);
INSERT INTO `goods_pic` VALUES (2202, '1.jpg', 173);
INSERT INTO `goods_pic` VALUES (2203, '1.jpg', 174);
INSERT INTO `goods_pic` VALUES (2204, '1.jpg', 175);
INSERT INTO `goods_pic` VALUES (2205, '1.jpg', 176);
INSERT INTO `goods_pic` VALUES (2206, '1.jpg', 177);
INSERT INTO `goods_pic` VALUES (2207, '1.jpg', 178);
INSERT INTO `goods_pic` VALUES (2208, '1.jpg', 179);
INSERT INTO `goods_pic` VALUES (2209, '1.jpg', 180);
INSERT INTO `goods_pic` VALUES (2210, '1.jpg', 181);
INSERT INTO `goods_pic` VALUES (2211, '1.jpg', 182);
INSERT INTO `goods_pic` VALUES (2212, '1.jpg', 183);
INSERT INTO `goods_pic` VALUES (2213, '1.jpg', 184);
INSERT INTO `goods_pic` VALUES (2214, '1.jpg', 185);
INSERT INTO `goods_pic` VALUES (2215, '1.jpg', 186);
INSERT INTO `goods_pic` VALUES (2216, '1.jpg', 187);
INSERT INTO `goods_pic` VALUES (2217, '1.jpg', 188);
INSERT INTO `goods_pic` VALUES (2218, '1.jpg', 189);
INSERT INTO `goods_pic` VALUES (2219, '1.jpg', 190);
INSERT INTO `goods_pic` VALUES (2220, '1.jpg', 191);
INSERT INTO `goods_pic` VALUES (2221, '1.jpg', 192);
INSERT INTO `goods_pic` VALUES (2222, '1.jpg', 193);
INSERT INTO `goods_pic` VALUES (2223, '1.jpg', 194);
INSERT INTO `goods_pic` VALUES (2224, '1.jpg', 195);
INSERT INTO `goods_pic` VALUES (2225, '1.jpg', 196);
INSERT INTO `goods_pic` VALUES (2226, '1.jpg', 197);
INSERT INTO `goods_pic` VALUES (2227, '1.jpg', 198);
INSERT INTO `goods_pic` VALUES (2228, '1.jpg', 199);
INSERT INTO `goods_pic` VALUES (2229, '1.jpg', 200);
INSERT INTO `goods_pic` VALUES (2230, '1.jpg', 201);
INSERT INTO `goods_pic` VALUES (2231, '1.jpg', 202);
INSERT INTO `goods_pic` VALUES (2232, '1.jpg', 203);
INSERT INTO `goods_pic` VALUES (2233, '1.jpg', 204);
INSERT INTO `goods_pic` VALUES (2234, '1.jpg', 205);
INSERT INTO `goods_pic` VALUES (2235, '1.jpg', 206);
INSERT INTO `goods_pic` VALUES (2236, '1.jpg', 207);
INSERT INTO `goods_pic` VALUES (2237, '1.jpg', 208);
INSERT INTO `goods_pic` VALUES (2238, '1.jpg', 209);
INSERT INTO `goods_pic` VALUES (2239, '1.jpg', 210);
INSERT INTO `goods_pic` VALUES (2240, '1.jpg', 211);
INSERT INTO `goods_pic` VALUES (2241, '1.jpg', 212);
INSERT INTO `goods_pic` VALUES (2242, '1.jpg', 213);
INSERT INTO `goods_pic` VALUES (2243, '1.jpg', 214);
INSERT INTO `goods_pic` VALUES (2244, '1.jpg', 215);
INSERT INTO `goods_pic` VALUES (2245, '1.jpg', 216);
INSERT INTO `goods_pic` VALUES (2246, '1.jpg', 217);
INSERT INTO `goods_pic` VALUES (2247, '1.jpg', 218);
INSERT INTO `goods_pic` VALUES (2248, '1.jpg', 219);
INSERT INTO `goods_pic` VALUES (2249, '1.jpg', 220);
INSERT INTO `goods_pic` VALUES (2250, '1.jpg', 221);
INSERT INTO `goods_pic` VALUES (2251, '1.jpg', 222);
INSERT INTO `goods_pic` VALUES (2252, '1.jpg', 223);
INSERT INTO `goods_pic` VALUES (2253, '1.jpg', 224);
INSERT INTO `goods_pic` VALUES (2254, '1.jpg', 225);
INSERT INTO `goods_pic` VALUES (2255, '1.jpg', 226);
INSERT INTO `goods_pic` VALUES (2256, '1.jpg', 227);
INSERT INTO `goods_pic` VALUES (2257, '1.jpg', 228);
INSERT INTO `goods_pic` VALUES (2258, '1.jpg', 229);
INSERT INTO `goods_pic` VALUES (2259, '1.jpg', 230);
INSERT INTO `goods_pic` VALUES (2260, '1.jpg', 231);
INSERT INTO `goods_pic` VALUES (2261, '1.jpg', 232);
INSERT INTO `goods_pic` VALUES (2262, '1.jpg', 233);
INSERT INTO `goods_pic` VALUES (2263, '1.jpg', 234);
INSERT INTO `goods_pic` VALUES (2264, '1.jpg', 235);
INSERT INTO `goods_pic` VALUES (2265, '1.jpg', 236);
INSERT INTO `goods_pic` VALUES (2266, '1.jpg', 237);
INSERT INTO `goods_pic` VALUES (2267, '1.jpg', 238);
INSERT INTO `goods_pic` VALUES (2268, '1.jpg', 239);
INSERT INTO `goods_pic` VALUES (2269, '1.jpg', 240);
INSERT INTO `goods_pic` VALUES (2270, '1.jpg', 241);
INSERT INTO `goods_pic` VALUES (2271, '1.jpg', 242);
INSERT INTO `goods_pic` VALUES (2272, '1.jpg', 243);
INSERT INTO `goods_pic` VALUES (2273, '1.jpg', 244);
INSERT INTO `goods_pic` VALUES (2274, '1.jpg', 245);
INSERT INTO `goods_pic` VALUES (2275, '1.jpg', 246);
INSERT INTO `goods_pic` VALUES (2276, '1.jpg', 247);
INSERT INTO `goods_pic` VALUES (2277, '1.jpg', 248);
INSERT INTO `goods_pic` VALUES (2278, '1.jpg', 249);
INSERT INTO `goods_pic` VALUES (2279, '1.jpg', 250);
INSERT INTO `goods_pic` VALUES (2280, '1.jpg', 251);
INSERT INTO `goods_pic` VALUES (2281, '1.jpg', 252);
INSERT INTO `goods_pic` VALUES (2282, '1.jpg', 253);
INSERT INTO `goods_pic` VALUES (2283, '1.jpg', 254);
INSERT INTO `goods_pic` VALUES (2285, '1.jpg', 256);
INSERT INTO `goods_pic` VALUES (2286, '1.jpg', 257);
INSERT INTO `goods_pic` VALUES (2287, '1.jpg', 258);
INSERT INTO `goods_pic` VALUES (2288, '1.jpg', 259);
INSERT INTO `goods_pic` VALUES (2289, '1.jpg', 260);
INSERT INTO `goods_pic` VALUES (2290, '1.jpg', 261);
INSERT INTO `goods_pic` VALUES (2291, '1.jpg', 262);
INSERT INTO `goods_pic` VALUES (2292, '1.jpg', 263);
INSERT INTO `goods_pic` VALUES (2293, '1.jpg', 264);
INSERT INTO `goods_pic` VALUES (2294, '1.jpg', 265);
INSERT INTO `goods_pic` VALUES (2295, '1.jpg', 266);
INSERT INTO `goods_pic` VALUES (2296, '1.jpg', 267);
INSERT INTO `goods_pic` VALUES (2297, '1.jpg', 268);
INSERT INTO `goods_pic` VALUES (2298, '1.jpg', 269);
INSERT INTO `goods_pic` VALUES (2299, '1.jpg', 270);
INSERT INTO `goods_pic` VALUES (2300, '1.jpg', 271);
INSERT INTO `goods_pic` VALUES (2301, '1.jpg', 272);
INSERT INTO `goods_pic` VALUES (2302, '1.jpg', 273);
INSERT INTO `goods_pic` VALUES (2303, '1.jpg', 274);
INSERT INTO `goods_pic` VALUES (2304, '1.jpg', 275);
INSERT INTO `goods_pic` VALUES (2305, '1.jpg', 276);
INSERT INTO `goods_pic` VALUES (2306, '1.jpg', 277);
INSERT INTO `goods_pic` VALUES (2307, '1.jpg', 278);
INSERT INTO `goods_pic` VALUES (2308, '1.jpg', 279);
INSERT INTO `goods_pic` VALUES (2310, '1.jpg', 281);
INSERT INTO `goods_pic` VALUES (2311, '1.jpg', 282);
INSERT INTO `goods_pic` VALUES (2312, '1.jpg', 283);
INSERT INTO `goods_pic` VALUES (2313, '1.jpg', 284);
INSERT INTO `goods_pic` VALUES (2314, '1.jpg', 285);
INSERT INTO `goods_pic` VALUES (2315, '1.jpg', 286);
INSERT INTO `goods_pic` VALUES (2316, '1.jpg', 287);
INSERT INTO `goods_pic` VALUES (2317, '1.jpg', 288);
INSERT INTO `goods_pic` VALUES (2318, '1.jpg', 289);
INSERT INTO `goods_pic` VALUES (2319, '1.jpg', 290);
INSERT INTO `goods_pic` VALUES (2320, '1.jpg', 291);
INSERT INTO `goods_pic` VALUES (2321, '1.jpg', 292);
INSERT INTO `goods_pic` VALUES (2322, '1.jpg', 293);
INSERT INTO `goods_pic` VALUES (2323, '1.jpg', 294);
INSERT INTO `goods_pic` VALUES (2325, '1.jpg', 296);
INSERT INTO `goods_pic` VALUES (2326, '1.jpg', 297);
INSERT INTO `goods_pic` VALUES (2327, '1.jpg', 298);
INSERT INTO `goods_pic` VALUES (2328, '1.jpg', 299);
INSERT INTO `goods_pic` VALUES (2329, '1.jpg', 300);
INSERT INTO `goods_pic` VALUES (2330, '1.jpg', 301);
INSERT INTO `goods_pic` VALUES (2331, '1.jpg', 302);
INSERT INTO `goods_pic` VALUES (2332, '1.jpg', 303);
INSERT INTO `goods_pic` VALUES (2333, '1.jpg', 304);
INSERT INTO `goods_pic` VALUES (2334, '1.jpg', 305);
INSERT INTO `goods_pic` VALUES (2335, '1.jpg', 306);
INSERT INTO `goods_pic` VALUES (2336, '1.jpg', 307);
INSERT INTO `goods_pic` VALUES (2337, '1.jpg', 308);
INSERT INTO `goods_pic` VALUES (2338, '1.jpg', 309);
INSERT INTO `goods_pic` VALUES (2339, '1.jpg', 310);
INSERT INTO `goods_pic` VALUES (2340, '1.jpg', 311);
INSERT INTO `goods_pic` VALUES (2341, '1.jpg', 312);
INSERT INTO `goods_pic` VALUES (2342, '1.jpg', 313);
INSERT INTO `goods_pic` VALUES (2343, '1.jpg', 314);
INSERT INTO `goods_pic` VALUES (2345, '1.jpg', 316);
INSERT INTO `goods_pic` VALUES (2346, '1.jpg', 317);
INSERT INTO `goods_pic` VALUES (2347, '1.jpg', 318);
INSERT INTO `goods_pic` VALUES (2348, '1.jpg', 319);
INSERT INTO `goods_pic` VALUES (2349, '1.jpg', 320);
INSERT INTO `goods_pic` VALUES (2350, '1.jpg', 321);
INSERT INTO `goods_pic` VALUES (2351, '1.jpg', 322);
INSERT INTO `goods_pic` VALUES (2352, '1.jpg', 323);
INSERT INTO `goods_pic` VALUES (2353, '1.jpg', 324);
INSERT INTO `goods_pic` VALUES (2354, '1.jpg', 325);
INSERT INTO `goods_pic` VALUES (2355, '1.jpg', 326);
INSERT INTO `goods_pic` VALUES (2356, '1.jpg', 327);
INSERT INTO `goods_pic` VALUES (2357, '1.jpg', 328);
INSERT INTO `goods_pic` VALUES (2358, '1.jpg', 329);
INSERT INTO `goods_pic` VALUES (2359, '1.jpg', 330);
INSERT INTO `goods_pic` VALUES (2360, '1.jpg', 331);
INSERT INTO `goods_pic` VALUES (2361, '1.jpg', 332);
INSERT INTO `goods_pic` VALUES (2362, '1.jpg', 333);
INSERT INTO `goods_pic` VALUES (2363, '1.jpg', 334);
INSERT INTO `goods_pic` VALUES (2365, '1.jpg', 336);
INSERT INTO `goods_pic` VALUES (2366, '1.jpg', 337);
INSERT INTO `goods_pic` VALUES (2367, '1.jpg', 338);
INSERT INTO `goods_pic` VALUES (2368, '1.jpg', 339);
INSERT INTO `goods_pic` VALUES (2369, '1.jpg', 340);
INSERT INTO `goods_pic` VALUES (2370, '1.jpg', 341);
INSERT INTO `goods_pic` VALUES (2371, '1.jpg', 342);
INSERT INTO `goods_pic` VALUES (2372, '1.jpg', 343);
INSERT INTO `goods_pic` VALUES (2373, '1.jpg', 344);
INSERT INTO `goods_pic` VALUES (2374, '1.jpg', 345);
INSERT INTO `goods_pic` VALUES (2375, '1.jpg', 346);
INSERT INTO `goods_pic` VALUES (2376, '1.jpg', 347);
INSERT INTO `goods_pic` VALUES (2377, '1.jpg', 348);
INSERT INTO `goods_pic` VALUES (2378, '1.jpg', 349);
INSERT INTO `goods_pic` VALUES (2380, '1.jpg', 351);
INSERT INTO `goods_pic` VALUES (2381, '1.jpg', 352);
INSERT INTO `goods_pic` VALUES (2382, '1.jpg', 353);
INSERT INTO `goods_pic` VALUES (2383, '1.jpg', 354);
INSERT INTO `goods_pic` VALUES (2384, '1.jpg', 355);
INSERT INTO `goods_pic` VALUES (2385, '1.jpg', 356);
INSERT INTO `goods_pic` VALUES (2386, '1.jpg', 357);
INSERT INTO `goods_pic` VALUES (2387, '1.jpg', 358);
INSERT INTO `goods_pic` VALUES (2388, '1.jpg', 359);
INSERT INTO `goods_pic` VALUES (2389, '1.jpg', 360);
INSERT INTO `goods_pic` VALUES (2390, '1.jpg', 361);
INSERT INTO `goods_pic` VALUES (2391, '1.jpg', 362);
INSERT INTO `goods_pic` VALUES (2392, '1.jpg', 363);
INSERT INTO `goods_pic` VALUES (2393, '1.jpg', 364);
INSERT INTO `goods_pic` VALUES (2394, '1.jpg', 365);
INSERT INTO `goods_pic` VALUES (2395, '1.jpg', 366);
INSERT INTO `goods_pic` VALUES (2396, '1.jpg', 367);
INSERT INTO `goods_pic` VALUES (2397, '1.jpg', 368);
INSERT INTO `goods_pic` VALUES (2398, '1.jpg', 369);
INSERT INTO `goods_pic` VALUES (2399, '1.jpg', 370);
INSERT INTO `goods_pic` VALUES (2400, '1.jpg', 371);
INSERT INTO `goods_pic` VALUES (2401, '1.jpg', 372);
INSERT INTO `goods_pic` VALUES (2402, '1.jpg', 373);
INSERT INTO `goods_pic` VALUES (2403, '1.jpg', 374);
INSERT INTO `goods_pic` VALUES (2405, '1.jpg', 376);
INSERT INTO `goods_pic` VALUES (2406, '1.jpg', 377);
INSERT INTO `goods_pic` VALUES (2407, '1.jpg', 378);
INSERT INTO `goods_pic` VALUES (2408, '1.jpg', 379);
INSERT INTO `goods_pic` VALUES (2409, '1.jpg', 380);
INSERT INTO `goods_pic` VALUES (2410, '1.jpg', 381);
INSERT INTO `goods_pic` VALUES (2411, '1.jpg', 382);
INSERT INTO `goods_pic` VALUES (2412, '1.jpg', 383);
INSERT INTO `goods_pic` VALUES (2413, '1.jpg', 384);
INSERT INTO `goods_pic` VALUES (2414, '1.jpg', 385);
INSERT INTO `goods_pic` VALUES (2415, '1.jpg', 386);
INSERT INTO `goods_pic` VALUES (2416, '1.jpg', 387);
INSERT INTO `goods_pic` VALUES (2417, '1.jpg', 388);
INSERT INTO `goods_pic` VALUES (2418, '1.jpg', 389);
INSERT INTO `goods_pic` VALUES (2419, '1.jpg', 390);
INSERT INTO `goods_pic` VALUES (2420, '1.jpg', 391);
INSERT INTO `goods_pic` VALUES (2421, '1.jpg', 392);
INSERT INTO `goods_pic` VALUES (2422, '1.jpg', 393);
INSERT INTO `goods_pic` VALUES (2423, '1.jpg', 394);
INSERT INTO `goods_pic` VALUES (2424, '1.jpg', 395);
INSERT INTO `goods_pic` VALUES (2425, '1.jpg', 396);
INSERT INTO `goods_pic` VALUES (2426, '1.jpg', 397);
INSERT INTO `goods_pic` VALUES (2427, '1.jpg', 398);
INSERT INTO `goods_pic` VALUES (2428, '1.jpg', 399);
INSERT INTO `goods_pic` VALUES (2429, '1.jpg', 400);
INSERT INTO `goods_pic` VALUES (2430, '1.jpg', 401);
INSERT INTO `goods_pic` VALUES (2431, '1.jpg', 402);
INSERT INTO `goods_pic` VALUES (2432, '1.jpg', 403);
INSERT INTO `goods_pic` VALUES (2433, '1.jpg', 404);
INSERT INTO `goods_pic` VALUES (2435, '1.jpg', 406);
INSERT INTO `goods_pic` VALUES (2437, '1.jpg', 2);
INSERT INTO `goods_pic` VALUES (2438, '1.jpg', 3);
INSERT INTO `goods_pic` VALUES (2439, '1.jpg', 4);
INSERT INTO `goods_pic` VALUES (2445, '1.jpg', 10);
INSERT INTO `goods_pic` VALUES (2446, '1.jpg', 11);
INSERT INTO `goods_pic` VALUES (2447, '1.jpg', 12);
INSERT INTO `goods_pic` VALUES (2448, '1.jpg', 13);
INSERT INTO `goods_pic` VALUES (2449, '1.jpg', 14);
INSERT INTO `goods_pic` VALUES (2450, '1.jpg', 15);
INSERT INTO `goods_pic` VALUES (2451, '1.jpg', 16);
INSERT INTO `goods_pic` VALUES (2452, '1.jpg', 17);
INSERT INTO `goods_pic` VALUES (2453, '1.jpg', 18);
INSERT INTO `goods_pic` VALUES (2454, '1.jpg', 19);
INSERT INTO `goods_pic` VALUES (2455, '1.jpg', 20);
INSERT INTO `goods_pic` VALUES (2456, '1.jpg', 21);
INSERT INTO `goods_pic` VALUES (2457, '1.jpg', 22);
INSERT INTO `goods_pic` VALUES (2458, '1.jpg', 23);
INSERT INTO `goods_pic` VALUES (2459, '1.jpg', 24);
INSERT INTO `goods_pic` VALUES (2460, '1.jpg', 25);
INSERT INTO `goods_pic` VALUES (2461, '1.jpg', 26);
INSERT INTO `goods_pic` VALUES (2462, '1.jpg', 27);
INSERT INTO `goods_pic` VALUES (2463, '1.jpg', 28);
INSERT INTO `goods_pic` VALUES (2464, '1.jpg', 29);
INSERT INTO `goods_pic` VALUES (2465, '1.jpg', 30);
INSERT INTO `goods_pic` VALUES (2466, '1.jpg', 31);
INSERT INTO `goods_pic` VALUES (2467, '1.jpg', 32);
INSERT INTO `goods_pic` VALUES (2468, '1.jpg', 33);
INSERT INTO `goods_pic` VALUES (2469, '1.jpg', 34);
INSERT INTO `goods_pic` VALUES (2470, '1.jpg', 35);
INSERT INTO `goods_pic` VALUES (2471, '1.jpg', 36);
INSERT INTO `goods_pic` VALUES (2472, '1.jpg', 37);
INSERT INTO `goods_pic` VALUES (2473, '1.jpg', 38);
INSERT INTO `goods_pic` VALUES (2474, '1.jpg', 39);
INSERT INTO `goods_pic` VALUES (2476, '1.jpg', 41);
INSERT INTO `goods_pic` VALUES (2477, '1.jpg', 42);
INSERT INTO `goods_pic` VALUES (2478, '1.jpg', 43);
INSERT INTO `goods_pic` VALUES (2479, '1.jpg', 44);
INSERT INTO `goods_pic` VALUES (2480, '1.jpg', 45);
INSERT INTO `goods_pic` VALUES (2481, '1.jpg', 46);
INSERT INTO `goods_pic` VALUES (2482, '1.jpg', 47);
INSERT INTO `goods_pic` VALUES (2483, '1.jpg', 48);
INSERT INTO `goods_pic` VALUES (2484, '1.jpg', 49);
INSERT INTO `goods_pic` VALUES (2485, '1.jpg', 50);
INSERT INTO `goods_pic` VALUES (2486, '1.jpg', 51);
INSERT INTO `goods_pic` VALUES (2487, '1.jpg', 52);
INSERT INTO `goods_pic` VALUES (2488, '1.jpg', 53);
INSERT INTO `goods_pic` VALUES (2489, '1.jpg', 54);
INSERT INTO `goods_pic` VALUES (2490, '1.jpg', 55);
INSERT INTO `goods_pic` VALUES (2491, '1.jpg', 56);
INSERT INTO `goods_pic` VALUES (2492, '1.jpg', 57);
INSERT INTO `goods_pic` VALUES (2493, '1.jpg', 58);
INSERT INTO `goods_pic` VALUES (2494, '1.jpg', 59);
INSERT INTO `goods_pic` VALUES (2495, '1.jpg', 60);
INSERT INTO `goods_pic` VALUES (2496, '1.jpg', 61);
INSERT INTO `goods_pic` VALUES (2497, '1.jpg', 62);
INSERT INTO `goods_pic` VALUES (2498, '1.jpg', 63);
INSERT INTO `goods_pic` VALUES (2499, '1.jpg', 64);
INSERT INTO `goods_pic` VALUES (2501, '1.jpg', 66);
INSERT INTO `goods_pic` VALUES (2502, '1.jpg', 67);
INSERT INTO `goods_pic` VALUES (2503, '1.jpg', 68);
INSERT INTO `goods_pic` VALUES (2504, '1.jpg', 69);
INSERT INTO `goods_pic` VALUES (2506, '1.jpg', 71);
INSERT INTO `goods_pic` VALUES (2507, '1.jpg', 72);
INSERT INTO `goods_pic` VALUES (2508, '1.jpg', 73);
INSERT INTO `goods_pic` VALUES (2509, '1.jpg', 74);
INSERT INTO `goods_pic` VALUES (2510, '1.jpg', 75);
INSERT INTO `goods_pic` VALUES (2511, '1.jpg', 76);
INSERT INTO `goods_pic` VALUES (2512, '1.jpg', 77);
INSERT INTO `goods_pic` VALUES (2513, '1.jpg', 78);
INSERT INTO `goods_pic` VALUES (2514, '1.jpg', 79);
INSERT INTO `goods_pic` VALUES (2515, '1.jpg', 80);
INSERT INTO `goods_pic` VALUES (2516, '1.jpg', 81);
INSERT INTO `goods_pic` VALUES (2517, '1.jpg', 82);
INSERT INTO `goods_pic` VALUES (2518, '1.jpg', 83);
INSERT INTO `goods_pic` VALUES (2519, '1.jpg', 84);
INSERT INTO `goods_pic` VALUES (2520, '1.jpg', 85);
INSERT INTO `goods_pic` VALUES (2521, '1.jpg', 86);
INSERT INTO `goods_pic` VALUES (2522, '1.jpg', 87);
INSERT INTO `goods_pic` VALUES (2523, '1.jpg', 88);
INSERT INTO `goods_pic` VALUES (2524, '1.jpg', 89);
INSERT INTO `goods_pic` VALUES (2525, '1.jpg', 90);
INSERT INTO `goods_pic` VALUES (2526, '1.jpg', 91);
INSERT INTO `goods_pic` VALUES (2527, '1.jpg', 92);
INSERT INTO `goods_pic` VALUES (2528, '1.jpg', 93);
INSERT INTO `goods_pic` VALUES (2529, '1.jpg', 94);
INSERT INTO `goods_pic` VALUES (2531, '1.jpg', 96);
INSERT INTO `goods_pic` VALUES (2532, '1.jpg', 97);
INSERT INTO `goods_pic` VALUES (2533, '1.jpg', 98);
INSERT INTO `goods_pic` VALUES (2534, '1.jpg', 99);
INSERT INTO `goods_pic` VALUES (2535, '1.jpg', 100);
INSERT INTO `goods_pic` VALUES (2536, '1.jpg', 101);
INSERT INTO `goods_pic` VALUES (2537, '1.jpg', 102);
INSERT INTO `goods_pic` VALUES (2538, '1.jpg', 103);
INSERT INTO `goods_pic` VALUES (2539, '1.jpg', 104);
INSERT INTO `goods_pic` VALUES (2540, '1.jpg', 105);
INSERT INTO `goods_pic` VALUES (2541, '1.jpg', 106);
INSERT INTO `goods_pic` VALUES (2542, '1.jpg', 107);
INSERT INTO `goods_pic` VALUES (2543, '1.jpg', 108);
INSERT INTO `goods_pic` VALUES (2544, '1.jpg', 109);
INSERT INTO `goods_pic` VALUES (2545, '1.jpg', 110);
INSERT INTO `goods_pic` VALUES (2546, '1.jpg', 111);
INSERT INTO `goods_pic` VALUES (2547, '1.jpg', 112);
INSERT INTO `goods_pic` VALUES (2548, '1.jpg', 113);
INSERT INTO `goods_pic` VALUES (2549, '1.jpg', 114);
INSERT INTO `goods_pic` VALUES (2550, '1.jpg', 115);
INSERT INTO `goods_pic` VALUES (2551, '1.jpg', 116);
INSERT INTO `goods_pic` VALUES (2552, '1.jpg', 117);
INSERT INTO `goods_pic` VALUES (2553, '1.jpg', 118);
INSERT INTO `goods_pic` VALUES (2554, '1.jpg', 119);
INSERT INTO `goods_pic` VALUES (2555, '1.jpg', 120);
INSERT INTO `goods_pic` VALUES (2556, '1.jpg', 121);
INSERT INTO `goods_pic` VALUES (2557, '1.jpg', 122);
INSERT INTO `goods_pic` VALUES (2558, '1.jpg', 123);
INSERT INTO `goods_pic` VALUES (2559, '1.jpg', 124);
INSERT INTO `goods_pic` VALUES (2561, '1.jpg', 126);
INSERT INTO `goods_pic` VALUES (2562, '1.jpg', 127);
INSERT INTO `goods_pic` VALUES (2564, '1.jpg', 129);
INSERT INTO `goods_pic` VALUES (2566, '1.jpg', 131);
INSERT INTO `goods_pic` VALUES (2567, '1.jpg', 132);
INSERT INTO `goods_pic` VALUES (2568, '1.jpg', 133);
INSERT INTO `goods_pic` VALUES (2569, '1.jpg', 134);
INSERT INTO `goods_pic` VALUES (2571, '1.jpg', 136);
INSERT INTO `goods_pic` VALUES (2572, '1.jpg', 137);
INSERT INTO `goods_pic` VALUES (2573, '1.jpg', 138);
INSERT INTO `goods_pic` VALUES (2574, '1.jpg', 139);
INSERT INTO `goods_pic` VALUES (2575, '1.jpg', 140);
INSERT INTO `goods_pic` VALUES (2576, '1.jpg', 141);
INSERT INTO `goods_pic` VALUES (2577, '1.jpg', 142);
INSERT INTO `goods_pic` VALUES (2578, '1.jpg', 143);
INSERT INTO `goods_pic` VALUES (2579, '1.jpg', 144);
INSERT INTO `goods_pic` VALUES (2580, '1.jpg', 145);
INSERT INTO `goods_pic` VALUES (2581, '1.jpg', 146);
INSERT INTO `goods_pic` VALUES (2582, '1.jpg', 147);
INSERT INTO `goods_pic` VALUES (2583, '1.jpg', 148);
INSERT INTO `goods_pic` VALUES (2584, '1.jpg', 149);
INSERT INTO `goods_pic` VALUES (2585, '1.jpg', 150);
INSERT INTO `goods_pic` VALUES (2586, '1.jpg', 151);
INSERT INTO `goods_pic` VALUES (2587, '1.jpg', 152);
INSERT INTO `goods_pic` VALUES (2588, '1.jpg', 153);
INSERT INTO `goods_pic` VALUES (2589, '1.jpg', 154);
INSERT INTO `goods_pic` VALUES (2591, '1.jpg', 156);
INSERT INTO `goods_pic` VALUES (2592, '1.jpg', 157);
INSERT INTO `goods_pic` VALUES (2593, '1.jpg', 158);
INSERT INTO `goods_pic` VALUES (2594, '1.jpg', 159);
INSERT INTO `goods_pic` VALUES (2596, '1.jpg', 161);
INSERT INTO `goods_pic` VALUES (2597, '1.jpg', 162);
INSERT INTO `goods_pic` VALUES (2598, '1.jpg', 163);
INSERT INTO `goods_pic` VALUES (2599, '1.jpg', 164);
INSERT INTO `goods_pic` VALUES (2600, '1.jpg', 165);
INSERT INTO `goods_pic` VALUES (2601, '1.jpg', 166);
INSERT INTO `goods_pic` VALUES (2602, '1.jpg', 167);
INSERT INTO `goods_pic` VALUES (2604, '1.jpg', 169);
INSERT INTO `goods_pic` VALUES (2605, '1.jpg', 170);
INSERT INTO `goods_pic` VALUES (2606, '1.jpg', 171);
INSERT INTO `goods_pic` VALUES (2607, '1.jpg', 172);
INSERT INTO `goods_pic` VALUES (2608, '1.jpg', 173);
INSERT INTO `goods_pic` VALUES (2609, '1.jpg', 174);
INSERT INTO `goods_pic` VALUES (2610, '1.jpg', 175);
INSERT INTO `goods_pic` VALUES (2611, '1.jpg', 176);
INSERT INTO `goods_pic` VALUES (2612, '1.jpg', 177);
INSERT INTO `goods_pic` VALUES (2613, '1.jpg', 178);
INSERT INTO `goods_pic` VALUES (2614, '1.jpg', 179);
INSERT INTO `goods_pic` VALUES (2615, '1.jpg', 180);
INSERT INTO `goods_pic` VALUES (2616, '1.jpg', 181);
INSERT INTO `goods_pic` VALUES (2617, '1.jpg', 182);
INSERT INTO `goods_pic` VALUES (2618, '1.jpg', 183);
INSERT INTO `goods_pic` VALUES (2619, '1.jpg', 184);
INSERT INTO `goods_pic` VALUES (2620, '1.jpg', 185);
INSERT INTO `goods_pic` VALUES (2621, '1.jpg', 186);
INSERT INTO `goods_pic` VALUES (2622, '1.jpg', 187);
INSERT INTO `goods_pic` VALUES (2623, '1.jpg', 188);
INSERT INTO `goods_pic` VALUES (2624, '1.jpg', 189);
INSERT INTO `goods_pic` VALUES (2625, '1.jpg', 190);
INSERT INTO `goods_pic` VALUES (2626, '1.jpg', 191);
INSERT INTO `goods_pic` VALUES (2627, '1.jpg', 192);
INSERT INTO `goods_pic` VALUES (2628, '1.jpg', 193);
INSERT INTO `goods_pic` VALUES (2629, '1.jpg', 194);
INSERT INTO `goods_pic` VALUES (2630, '1.jpg', 195);
INSERT INTO `goods_pic` VALUES (2631, '1.jpg', 196);
INSERT INTO `goods_pic` VALUES (2632, '1.jpg', 197);
INSERT INTO `goods_pic` VALUES (2633, '1.jpg', 198);
INSERT INTO `goods_pic` VALUES (2634, '1.jpg', 199);
INSERT INTO `goods_pic` VALUES (2635, '1.jpg', 200);
INSERT INTO `goods_pic` VALUES (2636, '1.jpg', 201);
INSERT INTO `goods_pic` VALUES (2637, '1.jpg', 202);
INSERT INTO `goods_pic` VALUES (2638, '1.jpg', 203);
INSERT INTO `goods_pic` VALUES (2639, '1.jpg', 204);
INSERT INTO `goods_pic` VALUES (2640, '1.jpg', 205);
INSERT INTO `goods_pic` VALUES (2641, '1.jpg', 206);
INSERT INTO `goods_pic` VALUES (2642, '1.jpg', 207);
INSERT INTO `goods_pic` VALUES (2643, '1.jpg', 208);
INSERT INTO `goods_pic` VALUES (2644, '1.jpg', 209);
INSERT INTO `goods_pic` VALUES (2645, '1.jpg', 210);
INSERT INTO `goods_pic` VALUES (2646, '1.jpg', 211);
INSERT INTO `goods_pic` VALUES (2647, '1.jpg', 212);
INSERT INTO `goods_pic` VALUES (2648, '1.jpg', 213);
INSERT INTO `goods_pic` VALUES (2649, '1.jpg', 214);
INSERT INTO `goods_pic` VALUES (2650, '1.jpg', 215);
INSERT INTO `goods_pic` VALUES (2651, '1.jpg', 216);
INSERT INTO `goods_pic` VALUES (2652, '1.jpg', 217);
INSERT INTO `goods_pic` VALUES (2653, '1.jpg', 218);
INSERT INTO `goods_pic` VALUES (2654, '1.jpg', 219);
INSERT INTO `goods_pic` VALUES (2655, '1.jpg', 220);
INSERT INTO `goods_pic` VALUES (2656, '1.jpg', 221);
INSERT INTO `goods_pic` VALUES (2657, '1.jpg', 222);
INSERT INTO `goods_pic` VALUES (2658, '1.jpg', 223);
INSERT INTO `goods_pic` VALUES (2659, '1.jpg', 224);
INSERT INTO `goods_pic` VALUES (2660, '1.jpg', 225);
INSERT INTO `goods_pic` VALUES (2661, '1.jpg', 226);
INSERT INTO `goods_pic` VALUES (2662, '1.jpg', 227);
INSERT INTO `goods_pic` VALUES (2663, '1.jpg', 228);
INSERT INTO `goods_pic` VALUES (2664, '1.jpg', 229);
INSERT INTO `goods_pic` VALUES (2665, '1.jpg', 230);
INSERT INTO `goods_pic` VALUES (2666, '1.jpg', 231);
INSERT INTO `goods_pic` VALUES (2667, '1.jpg', 232);
INSERT INTO `goods_pic` VALUES (2668, '1.jpg', 233);
INSERT INTO `goods_pic` VALUES (2669, '1.jpg', 234);
INSERT INTO `goods_pic` VALUES (2670, '1.jpg', 235);
INSERT INTO `goods_pic` VALUES (2671, '1.jpg', 236);
INSERT INTO `goods_pic` VALUES (2672, '1.jpg', 237);
INSERT INTO `goods_pic` VALUES (2673, '1.jpg', 238);
INSERT INTO `goods_pic` VALUES (2674, '1.jpg', 239);
INSERT INTO `goods_pic` VALUES (2675, '1.jpg', 240);
INSERT INTO `goods_pic` VALUES (2676, '1.jpg', 241);
INSERT INTO `goods_pic` VALUES (2677, '1.jpg', 242);
INSERT INTO `goods_pic` VALUES (2678, '1.jpg', 243);
INSERT INTO `goods_pic` VALUES (2679, '1.jpg', 244);
INSERT INTO `goods_pic` VALUES (2680, '1.jpg', 245);
INSERT INTO `goods_pic` VALUES (2681, '1.jpg', 246);
INSERT INTO `goods_pic` VALUES (2682, '1.jpg', 247);
INSERT INTO `goods_pic` VALUES (2683, '1.jpg', 248);
INSERT INTO `goods_pic` VALUES (2684, '1.jpg', 249);
INSERT INTO `goods_pic` VALUES (2685, '1.jpg', 250);
INSERT INTO `goods_pic` VALUES (2686, '1.jpg', 251);
INSERT INTO `goods_pic` VALUES (2687, '1.jpg', 252);
INSERT INTO `goods_pic` VALUES (2688, '1.jpg', 253);
INSERT INTO `goods_pic` VALUES (2689, '1.jpg', 254);
INSERT INTO `goods_pic` VALUES (2691, '1.jpg', 256);
INSERT INTO `goods_pic` VALUES (2692, '1.jpg', 257);
INSERT INTO `goods_pic` VALUES (2693, '1.jpg', 258);
INSERT INTO `goods_pic` VALUES (2694, '1.jpg', 259);
INSERT INTO `goods_pic` VALUES (2695, '1.jpg', 260);
INSERT INTO `goods_pic` VALUES (2696, '1.jpg', 261);
INSERT INTO `goods_pic` VALUES (2697, '1.jpg', 262);
INSERT INTO `goods_pic` VALUES (2698, '1.jpg', 263);
INSERT INTO `goods_pic` VALUES (2699, '1.jpg', 264);
INSERT INTO `goods_pic` VALUES (2700, '1.jpg', 265);
INSERT INTO `goods_pic` VALUES (2701, '1.jpg', 266);
INSERT INTO `goods_pic` VALUES (2702, '1.jpg', 267);
INSERT INTO `goods_pic` VALUES (2703, '1.jpg', 268);
INSERT INTO `goods_pic` VALUES (2704, '1.jpg', 269);
INSERT INTO `goods_pic` VALUES (2705, '1.jpg', 270);
INSERT INTO `goods_pic` VALUES (2706, '1.jpg', 271);
INSERT INTO `goods_pic` VALUES (2707, '1.jpg', 272);
INSERT INTO `goods_pic` VALUES (2708, '1.jpg', 273);
INSERT INTO `goods_pic` VALUES (2709, '1.jpg', 274);
INSERT INTO `goods_pic` VALUES (2710, '1.jpg', 275);
INSERT INTO `goods_pic` VALUES (2711, '1.jpg', 276);
INSERT INTO `goods_pic` VALUES (2712, '1.jpg', 277);
INSERT INTO `goods_pic` VALUES (2713, '1.jpg', 278);
INSERT INTO `goods_pic` VALUES (2714, '1.jpg', 279);
INSERT INTO `goods_pic` VALUES (2716, '1.jpg', 281);
INSERT INTO `goods_pic` VALUES (2717, '1.jpg', 282);
INSERT INTO `goods_pic` VALUES (2718, '1.jpg', 283);
INSERT INTO `goods_pic` VALUES (2719, '1.jpg', 284);
INSERT INTO `goods_pic` VALUES (2720, '1.jpg', 285);
INSERT INTO `goods_pic` VALUES (2721, '1.jpg', 286);
INSERT INTO `goods_pic` VALUES (2722, '1.jpg', 287);
INSERT INTO `goods_pic` VALUES (2723, '1.jpg', 288);
INSERT INTO `goods_pic` VALUES (2724, '1.jpg', 289);
INSERT INTO `goods_pic` VALUES (2725, '1.jpg', 290);
INSERT INTO `goods_pic` VALUES (2726, '1.jpg', 291);
INSERT INTO `goods_pic` VALUES (2727, '1.jpg', 292);
INSERT INTO `goods_pic` VALUES (2728, '1.jpg', 293);
INSERT INTO `goods_pic` VALUES (2729, '1.jpg', 294);
INSERT INTO `goods_pic` VALUES (2731, '1.jpg', 296);
INSERT INTO `goods_pic` VALUES (2732, '1.jpg', 297);
INSERT INTO `goods_pic` VALUES (2733, '1.jpg', 298);
INSERT INTO `goods_pic` VALUES (2734, '1.jpg', 299);
INSERT INTO `goods_pic` VALUES (2735, '1.jpg', 300);
INSERT INTO `goods_pic` VALUES (2736, '1.jpg', 301);
INSERT INTO `goods_pic` VALUES (2737, '1.jpg', 302);
INSERT INTO `goods_pic` VALUES (2738, '1.jpg', 303);
INSERT INTO `goods_pic` VALUES (2739, '1.jpg', 304);
INSERT INTO `goods_pic` VALUES (2740, '1.jpg', 305);
INSERT INTO `goods_pic` VALUES (2741, '1.jpg', 306);
INSERT INTO `goods_pic` VALUES (2742, '1.jpg', 307);
INSERT INTO `goods_pic` VALUES (2743, '1.jpg', 308);
INSERT INTO `goods_pic` VALUES (2744, '1.jpg', 309);
INSERT INTO `goods_pic` VALUES (2745, '1.jpg', 310);
INSERT INTO `goods_pic` VALUES (2746, '1.jpg', 311);
INSERT INTO `goods_pic` VALUES (2747, '1.jpg', 312);
INSERT INTO `goods_pic` VALUES (2748, '1.jpg', 313);
INSERT INTO `goods_pic` VALUES (2749, '1.jpg', 314);
INSERT INTO `goods_pic` VALUES (2751, '1.jpg', 316);
INSERT INTO `goods_pic` VALUES (2752, '1.jpg', 317);
INSERT INTO `goods_pic` VALUES (2753, '1.jpg', 318);
INSERT INTO `goods_pic` VALUES (2754, '1.jpg', 319);
INSERT INTO `goods_pic` VALUES (2755, '1.jpg', 320);
INSERT INTO `goods_pic` VALUES (2756, '1.jpg', 321);
INSERT INTO `goods_pic` VALUES (2757, '1.jpg', 322);
INSERT INTO `goods_pic` VALUES (2758, '1.jpg', 323);
INSERT INTO `goods_pic` VALUES (2759, '1.jpg', 324);
INSERT INTO `goods_pic` VALUES (2760, '1.jpg', 325);
INSERT INTO `goods_pic` VALUES (2761, '1.jpg', 326);
INSERT INTO `goods_pic` VALUES (2762, '1.jpg', 327);
INSERT INTO `goods_pic` VALUES (2763, '1.jpg', 328);
INSERT INTO `goods_pic` VALUES (2764, '1.jpg', 329);
INSERT INTO `goods_pic` VALUES (2765, '1.jpg', 330);
INSERT INTO `goods_pic` VALUES (2766, '1.jpg', 331);
INSERT INTO `goods_pic` VALUES (2767, '1.jpg', 332);
INSERT INTO `goods_pic` VALUES (2768, '1.jpg', 333);
INSERT INTO `goods_pic` VALUES (2769, '1.jpg', 334);
INSERT INTO `goods_pic` VALUES (2771, '1.jpg', 336);
INSERT INTO `goods_pic` VALUES (2772, '1.jpg', 337);
INSERT INTO `goods_pic` VALUES (2773, '1.jpg', 338);
INSERT INTO `goods_pic` VALUES (2774, '1.jpg', 339);
INSERT INTO `goods_pic` VALUES (2775, '1.jpg', 340);
INSERT INTO `goods_pic` VALUES (2776, '1.jpg', 341);
INSERT INTO `goods_pic` VALUES (2777, '1.jpg', 342);
INSERT INTO `goods_pic` VALUES (2778, '1.jpg', 343);
INSERT INTO `goods_pic` VALUES (2779, '1.jpg', 344);
INSERT INTO `goods_pic` VALUES (2780, '1.jpg', 345);
INSERT INTO `goods_pic` VALUES (2781, '1.jpg', 346);
INSERT INTO `goods_pic` VALUES (2782, '1.jpg', 347);
INSERT INTO `goods_pic` VALUES (2783, '1.jpg', 348);
INSERT INTO `goods_pic` VALUES (2784, '1.jpg', 349);
INSERT INTO `goods_pic` VALUES (2786, '1.jpg', 351);
INSERT INTO `goods_pic` VALUES (2787, '1.jpg', 352);
INSERT INTO `goods_pic` VALUES (2788, '1.jpg', 353);
INSERT INTO `goods_pic` VALUES (2789, '1.jpg', 354);
INSERT INTO `goods_pic` VALUES (2790, '1.jpg', 355);
INSERT INTO `goods_pic` VALUES (2791, '1.jpg', 356);
INSERT INTO `goods_pic` VALUES (2792, '1.jpg', 357);
INSERT INTO `goods_pic` VALUES (2793, '1.jpg', 358);
INSERT INTO `goods_pic` VALUES (2794, '1.jpg', 359);
INSERT INTO `goods_pic` VALUES (2795, '1.jpg', 360);
INSERT INTO `goods_pic` VALUES (2796, '1.jpg', 361);
INSERT INTO `goods_pic` VALUES (2797, '1.jpg', 362);
INSERT INTO `goods_pic` VALUES (2798, '1.jpg', 363);
INSERT INTO `goods_pic` VALUES (2799, '1.jpg', 364);
INSERT INTO `goods_pic` VALUES (2800, '1.jpg', 365);
INSERT INTO `goods_pic` VALUES (2801, '1.jpg', 366);
INSERT INTO `goods_pic` VALUES (2802, '1.jpg', 367);
INSERT INTO `goods_pic` VALUES (2803, '1.jpg', 368);
INSERT INTO `goods_pic` VALUES (2804, '1.jpg', 369);
INSERT INTO `goods_pic` VALUES (2805, '1.jpg', 370);
INSERT INTO `goods_pic` VALUES (2806, '1.jpg', 371);
INSERT INTO `goods_pic` VALUES (2807, '1.jpg', 372);
INSERT INTO `goods_pic` VALUES (2808, '1.jpg', 373);
INSERT INTO `goods_pic` VALUES (2809, '1.jpg', 374);
INSERT INTO `goods_pic` VALUES (2811, '1.jpg', 376);
INSERT INTO `goods_pic` VALUES (2812, '1.jpg', 377);
INSERT INTO `goods_pic` VALUES (2813, '1.jpg', 378);
INSERT INTO `goods_pic` VALUES (2814, '1.jpg', 379);
INSERT INTO `goods_pic` VALUES (2815, '1.jpg', 380);
INSERT INTO `goods_pic` VALUES (2816, '1.jpg', 381);
INSERT INTO `goods_pic` VALUES (2817, '1.jpg', 382);
INSERT INTO `goods_pic` VALUES (2818, '1.jpg', 383);
INSERT INTO `goods_pic` VALUES (2819, '1.jpg', 384);
INSERT INTO `goods_pic` VALUES (2820, '1.jpg', 385);
INSERT INTO `goods_pic` VALUES (2821, '1.jpg', 386);
INSERT INTO `goods_pic` VALUES (2822, '1.jpg', 387);
INSERT INTO `goods_pic` VALUES (2823, '1.jpg', 388);
INSERT INTO `goods_pic` VALUES (2824, '1.jpg', 389);
INSERT INTO `goods_pic` VALUES (2825, '1.jpg', 390);
INSERT INTO `goods_pic` VALUES (2826, '1.jpg', 391);
INSERT INTO `goods_pic` VALUES (2827, '1.jpg', 392);
INSERT INTO `goods_pic` VALUES (2828, '1.jpg', 393);
INSERT INTO `goods_pic` VALUES (2829, '1.jpg', 394);
INSERT INTO `goods_pic` VALUES (2830, '1.jpg', 395);
INSERT INTO `goods_pic` VALUES (2831, '1.jpg', 396);
INSERT INTO `goods_pic` VALUES (2832, '1.jpg', 397);
INSERT INTO `goods_pic` VALUES (2833, '1.jpg', 398);
INSERT INTO `goods_pic` VALUES (2834, '1.jpg', 399);
INSERT INTO `goods_pic` VALUES (2835, '1.jpg', 400);
INSERT INTO `goods_pic` VALUES (2836, '1.jpg', 401);
INSERT INTO `goods_pic` VALUES (2837, '1.jpg', 402);
INSERT INTO `goods_pic` VALUES (2838, '1.jpg', 403);
INSERT INTO `goods_pic` VALUES (2839, '1.jpg', 404);
INSERT INTO `goods_pic` VALUES (2841, '1.jpg', 406);
INSERT INTO `goods_pic` VALUES (2843, '1.jpg', 2);
INSERT INTO `goods_pic` VALUES (2844, '1.jpg', 3);
INSERT INTO `goods_pic` VALUES (2845, '1.jpg', 4);
INSERT INTO `goods_pic` VALUES (2851, '1.jpg', 10);
INSERT INTO `goods_pic` VALUES (2852, '1.jpg', 11);
INSERT INTO `goods_pic` VALUES (2853, '1.jpg', 12);
INSERT INTO `goods_pic` VALUES (2854, '1.jpg', 13);
INSERT INTO `goods_pic` VALUES (2855, '1.jpg', 14);
INSERT INTO `goods_pic` VALUES (2856, '1.jpg', 15);
INSERT INTO `goods_pic` VALUES (2857, '1.jpg', 16);
INSERT INTO `goods_pic` VALUES (2858, '1.jpg', 17);
INSERT INTO `goods_pic` VALUES (2859, '1.jpg', 18);
INSERT INTO `goods_pic` VALUES (2860, '1.jpg', 19);
INSERT INTO `goods_pic` VALUES (2861, '1.jpg', 20);
INSERT INTO `goods_pic` VALUES (2862, '1.jpg', 21);
INSERT INTO `goods_pic` VALUES (2863, '1.jpg', 22);
INSERT INTO `goods_pic` VALUES (2864, '1.jpg', 23);
INSERT INTO `goods_pic` VALUES (2865, '1.jpg', 24);
INSERT INTO `goods_pic` VALUES (2866, '1.jpg', 25);
INSERT INTO `goods_pic` VALUES (2867, '1.jpg', 26);
INSERT INTO `goods_pic` VALUES (2868, '1.jpg', 27);
INSERT INTO `goods_pic` VALUES (2869, '1.jpg', 28);
INSERT INTO `goods_pic` VALUES (2870, '1.jpg', 29);
INSERT INTO `goods_pic` VALUES (2871, '1.jpg', 30);
INSERT INTO `goods_pic` VALUES (2872, '1.jpg', 31);
INSERT INTO `goods_pic` VALUES (2873, '1.jpg', 32);
INSERT INTO `goods_pic` VALUES (2874, '1.jpg', 33);
INSERT INTO `goods_pic` VALUES (2875, '1.jpg', 34);
INSERT INTO `goods_pic` VALUES (2876, '1.jpg', 35);
INSERT INTO `goods_pic` VALUES (2877, '1.jpg', 36);
INSERT INTO `goods_pic` VALUES (2878, '1.jpg', 37);
INSERT INTO `goods_pic` VALUES (2879, '1.jpg', 38);
INSERT INTO `goods_pic` VALUES (2880, '1.jpg', 39);
INSERT INTO `goods_pic` VALUES (2882, '1.jpg', 41);
INSERT INTO `goods_pic` VALUES (2883, '1.jpg', 42);
INSERT INTO `goods_pic` VALUES (2884, '1.jpg', 43);
INSERT INTO `goods_pic` VALUES (2885, '1.jpg', 44);
INSERT INTO `goods_pic` VALUES (2886, '1.jpg', 45);
INSERT INTO `goods_pic` VALUES (2887, '1.jpg', 46);
INSERT INTO `goods_pic` VALUES (2888, '1.jpg', 47);
INSERT INTO `goods_pic` VALUES (2889, '1.jpg', 48);
INSERT INTO `goods_pic` VALUES (2890, '1.jpg', 49);
INSERT INTO `goods_pic` VALUES (2891, '1.jpg', 50);
INSERT INTO `goods_pic` VALUES (2892, '1.jpg', 51);
INSERT INTO `goods_pic` VALUES (2893, '1.jpg', 52);
INSERT INTO `goods_pic` VALUES (2894, '1.jpg', 53);
INSERT INTO `goods_pic` VALUES (2895, '1.jpg', 54);
INSERT INTO `goods_pic` VALUES (2896, '1.jpg', 55);
INSERT INTO `goods_pic` VALUES (2897, '1.jpg', 56);
INSERT INTO `goods_pic` VALUES (2898, '1.jpg', 57);
INSERT INTO `goods_pic` VALUES (2899, '1.jpg', 58);
INSERT INTO `goods_pic` VALUES (2900, '1.jpg', 59);
INSERT INTO `goods_pic` VALUES (2901, '1.jpg', 60);
INSERT INTO `goods_pic` VALUES (2902, '1.jpg', 61);
INSERT INTO `goods_pic` VALUES (2903, '1.jpg', 62);
INSERT INTO `goods_pic` VALUES (2904, '1.jpg', 63);
INSERT INTO `goods_pic` VALUES (2905, '1.jpg', 64);
INSERT INTO `goods_pic` VALUES (2907, '1.jpg', 66);
INSERT INTO `goods_pic` VALUES (2908, '1.jpg', 67);
INSERT INTO `goods_pic` VALUES (2909, '1.jpg', 68);
INSERT INTO `goods_pic` VALUES (2910, '1.jpg', 69);
INSERT INTO `goods_pic` VALUES (2912, '1.jpg', 71);
INSERT INTO `goods_pic` VALUES (2913, '1.jpg', 72);
INSERT INTO `goods_pic` VALUES (2914, '1.jpg', 73);
INSERT INTO `goods_pic` VALUES (2915, '1.jpg', 74);
INSERT INTO `goods_pic` VALUES (2916, '1.jpg', 75);
INSERT INTO `goods_pic` VALUES (2917, '1.jpg', 76);
INSERT INTO `goods_pic` VALUES (2918, '1.jpg', 77);
INSERT INTO `goods_pic` VALUES (2919, '1.jpg', 78);
INSERT INTO `goods_pic` VALUES (2920, '1.jpg', 79);
INSERT INTO `goods_pic` VALUES (2921, '1.jpg', 80);
INSERT INTO `goods_pic` VALUES (2922, '1.jpg', 81);
INSERT INTO `goods_pic` VALUES (2923, '1.jpg', 82);
INSERT INTO `goods_pic` VALUES (2924, '1.jpg', 83);
INSERT INTO `goods_pic` VALUES (2925, '1.jpg', 84);
INSERT INTO `goods_pic` VALUES (2926, '1.jpg', 85);
INSERT INTO `goods_pic` VALUES (2927, '1.jpg', 86);
INSERT INTO `goods_pic` VALUES (2928, '1.jpg', 87);
INSERT INTO `goods_pic` VALUES (2929, '1.jpg', 88);
INSERT INTO `goods_pic` VALUES (2930, '1.jpg', 89);
INSERT INTO `goods_pic` VALUES (2931, '1.jpg', 90);
INSERT INTO `goods_pic` VALUES (2932, '1.jpg', 91);
INSERT INTO `goods_pic` VALUES (2933, '1.jpg', 92);
INSERT INTO `goods_pic` VALUES (2934, '1.jpg', 93);
INSERT INTO `goods_pic` VALUES (2935, '1.jpg', 94);
INSERT INTO `goods_pic` VALUES (2937, '1.jpg', 96);
INSERT INTO `goods_pic` VALUES (2938, '1.jpg', 97);
INSERT INTO `goods_pic` VALUES (2939, '1.jpg', 98);
INSERT INTO `goods_pic` VALUES (2940, '1.jpg', 99);
INSERT INTO `goods_pic` VALUES (2941, '1.jpg', 100);
INSERT INTO `goods_pic` VALUES (2942, '1.jpg', 101);
INSERT INTO `goods_pic` VALUES (2943, '1.jpg', 102);
INSERT INTO `goods_pic` VALUES (2944, '1.jpg', 103);
INSERT INTO `goods_pic` VALUES (2945, '1.jpg', 104);
INSERT INTO `goods_pic` VALUES (2946, '1.jpg', 105);
INSERT INTO `goods_pic` VALUES (2947, '1.jpg', 106);
INSERT INTO `goods_pic` VALUES (2948, '1.jpg', 107);
INSERT INTO `goods_pic` VALUES (2949, '1.jpg', 108);
INSERT INTO `goods_pic` VALUES (2950, '1.jpg', 109);
INSERT INTO `goods_pic` VALUES (2951, '1.jpg', 110);
INSERT INTO `goods_pic` VALUES (2952, '1.jpg', 111);
INSERT INTO `goods_pic` VALUES (2953, '1.jpg', 112);
INSERT INTO `goods_pic` VALUES (2954, '1.jpg', 113);
INSERT INTO `goods_pic` VALUES (2955, '1.jpg', 114);
INSERT INTO `goods_pic` VALUES (2956, '1.jpg', 115);
INSERT INTO `goods_pic` VALUES (2957, '1.jpg', 116);
INSERT INTO `goods_pic` VALUES (2958, '1.jpg', 117);
INSERT INTO `goods_pic` VALUES (2959, '1.jpg', 118);
INSERT INTO `goods_pic` VALUES (2960, '1.jpg', 119);
INSERT INTO `goods_pic` VALUES (2961, '1.jpg', 120);
INSERT INTO `goods_pic` VALUES (2962, '1.jpg', 121);
INSERT INTO `goods_pic` VALUES (2963, '1.jpg', 122);
INSERT INTO `goods_pic` VALUES (2964, '1.jpg', 123);
INSERT INTO `goods_pic` VALUES (2965, '1.jpg', 124);
INSERT INTO `goods_pic` VALUES (2967, '1.jpg', 126);
INSERT INTO `goods_pic` VALUES (2968, '1.jpg', 127);
INSERT INTO `goods_pic` VALUES (2970, '1.jpg', 129);
INSERT INTO `goods_pic` VALUES (2972, '1.jpg', 131);
INSERT INTO `goods_pic` VALUES (2973, '1.jpg', 132);
INSERT INTO `goods_pic` VALUES (2974, '1.jpg', 133);
INSERT INTO `goods_pic` VALUES (2975, '1.jpg', 134);
INSERT INTO `goods_pic` VALUES (2977, '1.jpg', 136);
INSERT INTO `goods_pic` VALUES (2978, '1.jpg', 137);
INSERT INTO `goods_pic` VALUES (2979, '1.jpg', 138);
INSERT INTO `goods_pic` VALUES (2980, '1.jpg', 139);
INSERT INTO `goods_pic` VALUES (2981, '1.jpg', 140);
INSERT INTO `goods_pic` VALUES (2982, '1.jpg', 141);
INSERT INTO `goods_pic` VALUES (2983, '1.jpg', 142);
INSERT INTO `goods_pic` VALUES (2984, '1.jpg', 143);
INSERT INTO `goods_pic` VALUES (2985, '1.jpg', 144);
INSERT INTO `goods_pic` VALUES (2986, '1.jpg', 145);
INSERT INTO `goods_pic` VALUES (2987, '1.jpg', 146);
INSERT INTO `goods_pic` VALUES (2988, '1.jpg', 147);
INSERT INTO `goods_pic` VALUES (2989, '1.jpg', 148);
INSERT INTO `goods_pic` VALUES (2990, '1.jpg', 149);
INSERT INTO `goods_pic` VALUES (2991, '1.jpg', 150);
INSERT INTO `goods_pic` VALUES (2992, '1.jpg', 151);
INSERT INTO `goods_pic` VALUES (2993, '1.jpg', 152);
INSERT INTO `goods_pic` VALUES (2994, '1.jpg', 153);
INSERT INTO `goods_pic` VALUES (2995, '1.jpg', 154);
INSERT INTO `goods_pic` VALUES (2997, '1.jpg', 156);
INSERT INTO `goods_pic` VALUES (2998, '1.jpg', 157);
INSERT INTO `goods_pic` VALUES (2999, '1.jpg', 158);
INSERT INTO `goods_pic` VALUES (3000, '1.jpg', 159);
INSERT INTO `goods_pic` VALUES (3002, '1.jpg', 161);
INSERT INTO `goods_pic` VALUES (3003, '1.jpg', 162);
INSERT INTO `goods_pic` VALUES (3004, '1.jpg', 163);
INSERT INTO `goods_pic` VALUES (3005, '1.jpg', 164);
INSERT INTO `goods_pic` VALUES (3006, '1.jpg', 165);
INSERT INTO `goods_pic` VALUES (3007, '1.jpg', 166);
INSERT INTO `goods_pic` VALUES (3008, '1.jpg', 167);
INSERT INTO `goods_pic` VALUES (3010, '1.jpg', 169);
INSERT INTO `goods_pic` VALUES (3011, '1.jpg', 170);
INSERT INTO `goods_pic` VALUES (3012, '1.jpg', 171);
INSERT INTO `goods_pic` VALUES (3013, '1.jpg', 172);
INSERT INTO `goods_pic` VALUES (3014, '1.jpg', 173);
INSERT INTO `goods_pic` VALUES (3015, '1.jpg', 174);
INSERT INTO `goods_pic` VALUES (3016, '1.jpg', 175);
INSERT INTO `goods_pic` VALUES (3017, '1.jpg', 176);
INSERT INTO `goods_pic` VALUES (3018, '1.jpg', 177);
INSERT INTO `goods_pic` VALUES (3019, '1.jpg', 178);
INSERT INTO `goods_pic` VALUES (3020, '1.jpg', 179);
INSERT INTO `goods_pic` VALUES (3021, '1.jpg', 180);
INSERT INTO `goods_pic` VALUES (3022, '1.jpg', 181);
INSERT INTO `goods_pic` VALUES (3023, '1.jpg', 182);
INSERT INTO `goods_pic` VALUES (3024, '1.jpg', 183);
INSERT INTO `goods_pic` VALUES (3025, '1.jpg', 184);
INSERT INTO `goods_pic` VALUES (3026, '1.jpg', 185);
INSERT INTO `goods_pic` VALUES (3027, '1.jpg', 186);
INSERT INTO `goods_pic` VALUES (3028, '1.jpg', 187);
INSERT INTO `goods_pic` VALUES (3029, '1.jpg', 188);
INSERT INTO `goods_pic` VALUES (3030, '1.jpg', 189);
INSERT INTO `goods_pic` VALUES (3031, '1.jpg', 190);
INSERT INTO `goods_pic` VALUES (3032, '1.jpg', 191);
INSERT INTO `goods_pic` VALUES (3033, '1.jpg', 192);
INSERT INTO `goods_pic` VALUES (3034, '1.jpg', 193);
INSERT INTO `goods_pic` VALUES (3035, '1.jpg', 194);
INSERT INTO `goods_pic` VALUES (3036, '1.jpg', 195);
INSERT INTO `goods_pic` VALUES (3037, '1.jpg', 196);
INSERT INTO `goods_pic` VALUES (3038, '1.jpg', 197);
INSERT INTO `goods_pic` VALUES (3039, '1.jpg', 198);
INSERT INTO `goods_pic` VALUES (3040, '1.jpg', 199);
INSERT INTO `goods_pic` VALUES (3041, '1.jpg', 200);
INSERT INTO `goods_pic` VALUES (3042, '1.jpg', 201);
INSERT INTO `goods_pic` VALUES (3043, '1.jpg', 202);
INSERT INTO `goods_pic` VALUES (3044, '1.jpg', 203);
INSERT INTO `goods_pic` VALUES (3045, '1.jpg', 204);
INSERT INTO `goods_pic` VALUES (3046, '1.jpg', 205);
INSERT INTO `goods_pic` VALUES (3047, '1.jpg', 206);
INSERT INTO `goods_pic` VALUES (3048, '1.jpg', 207);
INSERT INTO `goods_pic` VALUES (3049, '1.jpg', 208);
INSERT INTO `goods_pic` VALUES (3050, '1.jpg', 209);
INSERT INTO `goods_pic` VALUES (3051, '1.jpg', 210);
INSERT INTO `goods_pic` VALUES (3052, '1.jpg', 211);
INSERT INTO `goods_pic` VALUES (3053, '1.jpg', 212);
INSERT INTO `goods_pic` VALUES (3054, '1.jpg', 213);
INSERT INTO `goods_pic` VALUES (3055, '1.jpg', 214);
INSERT INTO `goods_pic` VALUES (3056, '1.jpg', 215);
INSERT INTO `goods_pic` VALUES (3057, '1.jpg', 216);
INSERT INTO `goods_pic` VALUES (3058, '1.jpg', 217);
INSERT INTO `goods_pic` VALUES (3059, '1.jpg', 218);
INSERT INTO `goods_pic` VALUES (3060, '1.jpg', 219);
INSERT INTO `goods_pic` VALUES (3061, '1.jpg', 220);
INSERT INTO `goods_pic` VALUES (3062, '1.jpg', 221);
INSERT INTO `goods_pic` VALUES (3063, '1.jpg', 222);
INSERT INTO `goods_pic` VALUES (3064, '1.jpg', 223);
INSERT INTO `goods_pic` VALUES (3065, '1.jpg', 224);
INSERT INTO `goods_pic` VALUES (3066, '1.jpg', 225);
INSERT INTO `goods_pic` VALUES (3067, '1.jpg', 226);
INSERT INTO `goods_pic` VALUES (3068, '1.jpg', 227);
INSERT INTO `goods_pic` VALUES (3069, '1.jpg', 228);
INSERT INTO `goods_pic` VALUES (3070, '1.jpg', 229);
INSERT INTO `goods_pic` VALUES (3071, '1.jpg', 230);
INSERT INTO `goods_pic` VALUES (3072, '1.jpg', 231);
INSERT INTO `goods_pic` VALUES (3073, '1.jpg', 232);
INSERT INTO `goods_pic` VALUES (3074, '1.jpg', 233);
INSERT INTO `goods_pic` VALUES (3075, '1.jpg', 234);
INSERT INTO `goods_pic` VALUES (3076, '1.jpg', 235);
INSERT INTO `goods_pic` VALUES (3077, '1.jpg', 236);
INSERT INTO `goods_pic` VALUES (3078, '1.jpg', 237);
INSERT INTO `goods_pic` VALUES (3079, '1.jpg', 238);
INSERT INTO `goods_pic` VALUES (3080, '1.jpg', 239);
INSERT INTO `goods_pic` VALUES (3081, '1.jpg', 240);
INSERT INTO `goods_pic` VALUES (3082, '1.jpg', 241);
INSERT INTO `goods_pic` VALUES (3083, '1.jpg', 242);
INSERT INTO `goods_pic` VALUES (3084, '1.jpg', 243);
INSERT INTO `goods_pic` VALUES (3085, '1.jpg', 244);
INSERT INTO `goods_pic` VALUES (3086, '1.jpg', 245);
INSERT INTO `goods_pic` VALUES (3087, '1.jpg', 246);
INSERT INTO `goods_pic` VALUES (3088, '1.jpg', 247);
INSERT INTO `goods_pic` VALUES (3089, '1.jpg', 248);
INSERT INTO `goods_pic` VALUES (3090, '1.jpg', 249);
INSERT INTO `goods_pic` VALUES (3091, '1.jpg', 250);
INSERT INTO `goods_pic` VALUES (3092, '1.jpg', 251);
INSERT INTO `goods_pic` VALUES (3093, '1.jpg', 252);
INSERT INTO `goods_pic` VALUES (3094, '1.jpg', 253);
INSERT INTO `goods_pic` VALUES (3095, '1.jpg', 254);
INSERT INTO `goods_pic` VALUES (3097, '1.jpg', 256);
INSERT INTO `goods_pic` VALUES (3098, '1.jpg', 257);
INSERT INTO `goods_pic` VALUES (3099, '1.jpg', 258);
INSERT INTO `goods_pic` VALUES (3100, '1.jpg', 259);
INSERT INTO `goods_pic` VALUES (3101, '1.jpg', 260);
INSERT INTO `goods_pic` VALUES (3102, '1.jpg', 261);
INSERT INTO `goods_pic` VALUES (3103, '1.jpg', 262);
INSERT INTO `goods_pic` VALUES (3104, '1.jpg', 263);
INSERT INTO `goods_pic` VALUES (3105, '1.jpg', 264);
INSERT INTO `goods_pic` VALUES (3106, '1.jpg', 265);
INSERT INTO `goods_pic` VALUES (3107, '1.jpg', 266);
INSERT INTO `goods_pic` VALUES (3108, '1.jpg', 267);
INSERT INTO `goods_pic` VALUES (3109, '1.jpg', 268);
INSERT INTO `goods_pic` VALUES (3110, '1.jpg', 269);
INSERT INTO `goods_pic` VALUES (3111, '1.jpg', 270);
INSERT INTO `goods_pic` VALUES (3112, '1.jpg', 271);
INSERT INTO `goods_pic` VALUES (3113, '1.jpg', 272);
INSERT INTO `goods_pic` VALUES (3114, '1.jpg', 273);
INSERT INTO `goods_pic` VALUES (3115, '1.jpg', 274);
INSERT INTO `goods_pic` VALUES (3116, '1.jpg', 275);
INSERT INTO `goods_pic` VALUES (3117, '1.jpg', 276);
INSERT INTO `goods_pic` VALUES (3118, '1.jpg', 277);
INSERT INTO `goods_pic` VALUES (3119, '1.jpg', 278);
INSERT INTO `goods_pic` VALUES (3120, '1.jpg', 279);
INSERT INTO `goods_pic` VALUES (3122, '1.jpg', 281);
INSERT INTO `goods_pic` VALUES (3123, '1.jpg', 282);
INSERT INTO `goods_pic` VALUES (3124, '1.jpg', 283);
INSERT INTO `goods_pic` VALUES (3125, '1.jpg', 284);
INSERT INTO `goods_pic` VALUES (3126, '1.jpg', 285);
INSERT INTO `goods_pic` VALUES (3127, '1.jpg', 286);
INSERT INTO `goods_pic` VALUES (3128, '1.jpg', 287);
INSERT INTO `goods_pic` VALUES (3129, '1.jpg', 288);
INSERT INTO `goods_pic` VALUES (3130, '1.jpg', 289);
INSERT INTO `goods_pic` VALUES (3131, '1.jpg', 290);
INSERT INTO `goods_pic` VALUES (3132, '1.jpg', 291);
INSERT INTO `goods_pic` VALUES (3133, '1.jpg', 292);
INSERT INTO `goods_pic` VALUES (3134, '1.jpg', 293);
INSERT INTO `goods_pic` VALUES (3135, '1.jpg', 294);
INSERT INTO `goods_pic` VALUES (3137, '1.jpg', 296);
INSERT INTO `goods_pic` VALUES (3138, '1.jpg', 297);
INSERT INTO `goods_pic` VALUES (3139, '1.jpg', 298);
INSERT INTO `goods_pic` VALUES (3140, '1.jpg', 299);
INSERT INTO `goods_pic` VALUES (3141, '1.jpg', 300);
INSERT INTO `goods_pic` VALUES (3142, '1.jpg', 301);
INSERT INTO `goods_pic` VALUES (3143, '1.jpg', 302);
INSERT INTO `goods_pic` VALUES (3144, '1.jpg', 303);
INSERT INTO `goods_pic` VALUES (4104, '1.jpg', 504);
INSERT INTO `goods_pic` VALUES (4105, '1.jpg', 504);
INSERT INTO `goods_pic` VALUES (4106, '1.jpg', 504);
INSERT INTO `goods_pic` VALUES (4107, '1.jpg', 505);
INSERT INTO `goods_pic` VALUES (4108, '1.jpg', 505);
INSERT INTO `goods_pic` VALUES (4109, '1.jpg', 505);
INSERT INTO `goods_pic` VALUES (4112, '1.jpg', 502);
INSERT INTO `goods_pic` VALUES (4113, '1.jpg', 502);
INSERT INTO `goods_pic` VALUES (4114, '1.jpg', 502);
INSERT INTO `goods_pic` VALUES (4115, '1.jpg', 503);
INSERT INTO `goods_pic` VALUES (4116, '1.jpg', 503);
INSERT INTO `goods_pic` VALUES (4117, '1.jpg', 503);
INSERT INTO `goods_pic` VALUES (4118, '1.jpg', 503);
INSERT INTO `goods_pic` VALUES (4132, '1.jpg', 9);
INSERT INTO `goods_pic` VALUES (4133, '1.jpg', 9);
INSERT INTO `goods_pic` VALUES (4134, '1.jpg', 9);
INSERT INTO `goods_pic` VALUES (4156, '1.jpg', 128);
INSERT INTO `goods_pic` VALUES (4157, '1.jpg', 128);
INSERT INTO `goods_pic` VALUES (4158, '1.jpg', 128);
INSERT INTO `goods_pic` VALUES (4159, '1.jpg', 128);
INSERT INTO `goods_pic` VALUES (4160, '1.jpg', 128);
INSERT INTO `goods_pic` VALUES (4161, '1.jpg', 168);
INSERT INTO `goods_pic` VALUES (4162, '1.jpg', 168);
INSERT INTO `goods_pic` VALUES (4163, '1.jpg', 168);
INSERT INTO `goods_pic` VALUES (4164, '1.jpg', 168);
INSERT INTO `goods_pic` VALUES (4165, '1.jpg', 168);
INSERT INTO `goods_pic` VALUES (4166, '1.jpg', 168);
INSERT INTO `goods_pic` VALUES (4167, '1.jpg', 255);
INSERT INTO `goods_pic` VALUES (4168, '1.jpg', 255);
INSERT INTO `goods_pic` VALUES (4169, '1.jpg', 255);
INSERT INTO `goods_pic` VALUES (4170, '1.jpg', 255);
INSERT INTO `goods_pic` VALUES (4171, '1.jpg', 255);
INSERT INTO `goods_pic` VALUES (4172, '1.jpg', 255);
INSERT INTO `goods_pic` VALUES (4173, '1.jpg', 295);
INSERT INTO `goods_pic` VALUES (4174, '1.jpg', 295);
INSERT INTO `goods_pic` VALUES (4175, '1.jpg', 295);
INSERT INTO `goods_pic` VALUES (4176, '1.jpg', 295);
INSERT INTO `goods_pic` VALUES (4177, '1.jpg', 295);
INSERT INTO `goods_pic` VALUES (4178, '1.jpg', 295);
INSERT INTO `goods_pic` VALUES (4179, '1.jpg', 295);
INSERT INTO `goods_pic` VALUES (4180, '1.jpg', 335);
INSERT INTO `goods_pic` VALUES (4181, '1.jpg', 335);
INSERT INTO `goods_pic` VALUES (4182, '1.jpg', 335);
INSERT INTO `goods_pic` VALUES (4183, '1.jpg', 335);
INSERT INTO `goods_pic` VALUES (4184, '1.jpg', 335);
INSERT INTO `goods_pic` VALUES (4185, '1.jpg', 335);
INSERT INTO `goods_pic` VALUES (4186, '1.jpg', 375);
INSERT INTO `goods_pic` VALUES (4187, '1.jpg', 375);
INSERT INTO `goods_pic` VALUES (4188, '1.jpg', 375);
INSERT INTO `goods_pic` VALUES (4189, '1.jpg', 375);
INSERT INTO `goods_pic` VALUES (4190, '1.jpg', 375);
INSERT INTO `goods_pic` VALUES (4191, '1.jpg', 1);
INSERT INTO `goods_pic` VALUES (4192, '1.jpg', 1);
INSERT INTO `goods_pic` VALUES (4193, '1.jpg', 1);
INSERT INTO `goods_pic` VALUES (4194, '1.jpg', 6);
INSERT INTO `goods_pic` VALUES (4195, '1.jpg', 6);
INSERT INTO `goods_pic` VALUES (4196, '1.jpg', 6);
INSERT INTO `goods_pic` VALUES (4197, '1.jpg', 6);
INSERT INTO `goods_pic` VALUES (4198, '1.jpg', 5);
INSERT INTO `goods_pic` VALUES (4199, '1.jpg', 5);
INSERT INTO `goods_pic` VALUES (4200, '1.jpg', 5);
INSERT INTO `goods_pic` VALUES (4201, '1.jpg', 5);
INSERT INTO `goods_pic` VALUES (4202, '1.jpg', 8);
INSERT INTO `goods_pic` VALUES (4203, '1.jpg', 8);
INSERT INTO `goods_pic` VALUES (4204, '1.jpg', 8);
INSERT INTO `goods_pic` VALUES (4205, '1.jpg', 8);
INSERT INTO `goods_pic` VALUES (4206, '1.jpg', 7);
INSERT INTO `goods_pic` VALUES (4207, '1.jpg', 7);
INSERT INTO `goods_pic` VALUES (4208, '1.jpg', 7);
INSERT INTO `goods_pic` VALUES (4209, '1.jpg', 7);
INSERT INTO `goods_pic` VALUES (4221, '1.jpg', 405);
INSERT INTO `goods_pic` VALUES (4222, '1.jpg', 405);
INSERT INTO `goods_pic` VALUES (4223, '1.jpg', 405);
INSERT INTO `goods_pic` VALUES (4229, '1.jpg', 40);
INSERT INTO `goods_pic` VALUES (4230, '1.jpg', 40);
INSERT INTO `goods_pic` VALUES (4231, '1.jpg', 40);
INSERT INTO `goods_pic` VALUES (4232, '1.jpg', 40);
INSERT INTO `goods_pic` VALUES (4233, '1.jpg', 40);
INSERT INTO `goods_pic` VALUES (4240, '1.jpg', 125);
INSERT INTO `goods_pic` VALUES (4241, '1.jpg', 125);
INSERT INTO `goods_pic` VALUES (4242, '1.jpg', 125);
INSERT INTO `goods_pic` VALUES (4243, '1.jpg', 125);
INSERT INTO `goods_pic` VALUES (4244, '1.jpg', 125);
INSERT INTO `goods_pic` VALUES (4245, '1.jpg', 160);
INSERT INTO `goods_pic` VALUES (4246, '1.jpg', 160);
INSERT INTO `goods_pic` VALUES (4247, '1.jpg', 160);
INSERT INTO `goods_pic` VALUES (4248, '1.jpg', 160);
INSERT INTO `goods_pic` VALUES (4249, '1.jpg', 160);
INSERT INTO `goods_pic` VALUES (4250, '1.jpg', 160);
INSERT INTO `goods_pic` VALUES (4258, '1.jpg', 70);
INSERT INTO `goods_pic` VALUES (4259, '1.jpg', 70);
INSERT INTO `goods_pic` VALUES (4260, '1.jpg', 70);
INSERT INTO `goods_pic` VALUES (4261, '1.jpg', 70);
INSERT INTO `goods_pic` VALUES (4262, '1.jpg', 155);
INSERT INTO `goods_pic` VALUES (4263, '1.jpg', 155);
INSERT INTO `goods_pic` VALUES (4264, '1.jpg', 155);
INSERT INTO `goods_pic` VALUES (4265, '1.jpg', 155);
INSERT INTO `goods_pic` VALUES (4266, '1.jpg', 155);
INSERT INTO `goods_pic` VALUES (4267, '1.jpg', 155);
INSERT INTO `goods_pic` VALUES (4268, '1.jpg', 130);
INSERT INTO `goods_pic` VALUES (4269, '1.jpg', 130);
INSERT INTO `goods_pic` VALUES (4270, '1.jpg', 130);
INSERT INTO `goods_pic` VALUES (4271, '1.jpg', 130);
INSERT INTO `goods_pic` VALUES (4272, '1.jpg', 130);
INSERT INTO `goods_pic` VALUES (4279, '1.jpg', 350);
INSERT INTO `goods_pic` VALUES (4280, '1.jpg', 350);
INSERT INTO `goods_pic` VALUES (4281, '1.jpg', 350);
INSERT INTO `goods_pic` VALUES (4282, '1.jpg', 350);
INSERT INTO `goods_pic` VALUES (4283, '1.jpg', 350);
INSERT INTO `goods_pic` VALUES (4284, '1.jpg', 350);
INSERT INTO `goods_pic` VALUES (4285, '1.jpg', 315);
INSERT INTO `goods_pic` VALUES (4286, '1.jpg', 315);
INSERT INTO `goods_pic` VALUES (4287, '1.jpg', 315);
INSERT INTO `goods_pic` VALUES (4288, '1.jpg', 315);
INSERT INTO `goods_pic` VALUES (4289, '1.jpg', 315);
INSERT INTO `goods_pic` VALUES (4290, '1.jpg', 315);
INSERT INTO `goods_pic` VALUES (4296, '1.jpg', 135);
INSERT INTO `goods_pic` VALUES (4297, '1.jpg', 135);
INSERT INTO `goods_pic` VALUES (4298, '1.jpg', 135);
INSERT INTO `goods_pic` VALUES (4299, '1.jpg', 135);
INSERT INTO `goods_pic` VALUES (4300, '1.jpg', 135);
INSERT INTO `goods_pic` VALUES (4305, '1.jpg', 280);
INSERT INTO `goods_pic` VALUES (4306, '1.jpg', 280);
INSERT INTO `goods_pic` VALUES (4307, '1.jpg', 280);
INSERT INTO `goods_pic` VALUES (4308, '1.jpg', 280);
INSERT INTO `goods_pic` VALUES (4309, '1.jpg', 280);
INSERT INTO `goods_pic` VALUES (4310, '1.jpg', 280);
INSERT INTO `goods_pic` VALUES (4311, '1.jpg', 280);
INSERT INTO `goods_pic` VALUES (4312, '1.jpg', 95);
INSERT INTO `goods_pic` VALUES (4313, '1.jpg', 95);
INSERT INTO `goods_pic` VALUES (4314, '1.jpg', 95);
INSERT INTO `goods_pic` VALUES (4315, '1.jpg', 95);
INSERT INTO `goods_pic` VALUES (4316, '1.jpg', 95);
INSERT INTO `goods_pic` VALUES (4317, '1.jpg', 65);
INSERT INTO `goods_pic` VALUES (4318, '1.jpg', 65);
INSERT INTO `goods_pic` VALUES (4319, '1.jpg', 65);
INSERT INTO `goods_pic` VALUES (4320, '1.jpg', 65);

-- ----------------------------
-- Table structure for order
-- ----------------------------
DROP TABLE IF EXISTS `order`;
CREATE TABLE `order`  (
  `id` varchar(64) CHARACTER SET utf8mb3 COLLATE utf8mb3_general_ci NOT NULL COMMENT '主键',
  `user_id` int NOT NULL COMMENT '用户ID',
  `create_time` timestamp NOT NULL DEFAULT CURRENT_TIMESTAMP,
  `express` varchar(64) CHARACTER SET utf8mb3 COLLATE utf8mb3_general_ci NULL DEFAULT NULL COMMENT '快递单号',
  `pay_type` int NULL DEFAULT NULL COMMENT '0-余额支付，1-支付宝，2-微信，3-银联，4-其它',
  `addr_id` int NOT NULL COMMENT '地址的ID',
  `addr_detail` varchar(255) CHARACTER SET utf8mb3 COLLATE utf8mb3_general_ci NOT NULL COMMENT '那一会的地址',
  `status` int NOT NULL DEFAULT 0 COMMENT '0-未支付，1-已支付，2-已发货，3-已收货，4-退货退款，5-退换货，6-仅退款，7-售后，8-其它',
  PRIMARY KEY (`id`) USING BTREE
) ENGINE = InnoDB CHARACTER SET = utf8mb3 COLLATE = utf8mb3_general_ci ROW_FORMAT = DYNAMIC;

-- ----------------------------
-- Records of order
-- ----------------------------
INSERT INTO `order` VALUES ('1762766797406343168', 1, '2024-02-28 17:08:49', NULL, NULL, 1, '山东青岛城阳城阳农大西苑综合办公楼中享思途--张三--13322332233', 0);
INSERT INTO `order` VALUES ('1762768116481396736', 1, '2024-02-28 17:14:04', NULL, NULL, 1, '山东青岛城阳城阳农大西苑综合办公楼中享思途--张三--13322332233', 0);
INSERT INTO `order` VALUES ('1762769129451950080', 1, '2024-02-28 17:18:05', NULL, NULL, 1, '山东青岛城阳城阳农大西苑综合办公楼中享思途--张三--13322332233', 0);
INSERT INTO `order` VALUES ('1762769924020899840', 1, '2024-02-28 17:21:15', NULL, NULL, 1, '山东青岛城阳城阳农大西苑综合办公楼中享思途--张三--13322332233', 0);
INSERT INTO `order` VALUES ('1763006119225200640', 1, '2024-02-29 08:59:48', NULL, NULL, 1, '山东青岛城阳城阳农大西苑综合办公楼中享思途--张三--13322332233', 0);
INSERT INTO `order` VALUES ('1763006559065083904', 1, '2024-02-29 09:01:33', NULL, 0, 2, '山东青岛城阳流亭山航大厦中享思途总部--张小三--13311331133', 3);
INSERT INTO `order` VALUES ('1763011706411421696', 1, '2024-02-29 09:22:00', NULL, 0, 1, '山东青岛城阳城阳农大西苑综合办公楼中享思途--张三--13322332233', 3);
INSERT INTO `order` VALUES ('1763036233971404800', 1, '2024-02-29 10:59:28', NULL, 0, 1, '山东青岛城阳城阳农大西苑综合办公楼中享思途--张三--13322332233', 1);
INSERT INTO `order` VALUES ('1845012919230910464', 1, '2024-10-12 16:05:33', NULL, NULL, 29, '22 22 山东省聊城市东昌府区湖西街道22', 0);
INSERT INTO `order` VALUES ('1845062594759741440', 1, '2024-10-12 19:22:56', NULL, 0, 30, '33 33 北京市市辖区顺义区后沙峪地区33', 1);
INSERT INTO `order` VALUES ('1845825827388919808', 1, '2024-10-14 21:55:45', NULL, NULL, 29, '22 22 山东省聊城市东昌府区湖西街道22', 0);
INSERT INTO `order` VALUES ('1845826038505017344', 1, '2024-10-14 21:56:36', NULL, 0, 28, '11121 1122 山东省青岛市城阳区流亭街道11', 3);
INSERT INTO `order` VALUES ('1845834210120749056', 1, '2024-10-14 22:29:04', NULL, 0, 28, '山东省青岛市城阳区流亭街道11 11121 1122', 1);
INSERT INTO `order` VALUES ('1845834593190727680', 1, '2024-10-14 22:30:35', NULL, 0, 30, '北京市市辖区顺义区后沙峪地区33 33 33', 1);
INSERT INTO `order` VALUES ('1845834784815894528', 1, '2024-10-14 22:31:21', NULL, NULL, 28, '山东省青岛市城阳区流亭街道11 11121 1122', 0);
INSERT INTO `order` VALUES ('1846101501681000448', 1, '2024-10-15 16:11:11', NULL, 0, 30, '北京市市辖区顺义区后沙峪地区33 33 33', 1);
INSERT INTO `order` VALUES ('1846106512867627008', 1, '2024-10-15 16:31:06', NULL, 0, 29, '山东省聊城市东昌府区湖西街道22 22 22', 1);
INSERT INTO `order` VALUES ('1846114152150720512', 1, '2024-10-15 17:01:27', NULL, 0, 28, '山东省青岛市城阳区流亭街道11 11121 1122', 3);
INSERT INTO `order` VALUES ('1846121006188716032', 1, '2024-10-15 17:28:42', NULL, 0, 28, '山东省青岛市城阳区流亭街道11 11121 1122', 3);
INSERT INTO `order` VALUES ('1846790715905028096', 4, '2024-10-17 13:49:53', NULL, 0, 31, '北京市市辖区丰台区西罗园街道213 123 1231', 2);
INSERT INTO `order` VALUES ('1847205109948420096', 1, '2024-10-18 17:16:32', NULL, 0, 30, '北京市市辖区顺义区后沙峪地区33 33 33', 0);

-- ----------------------------
-- Table structure for order_detail
-- ----------------------------
DROP TABLE IF EXISTS `order_detail`;
CREATE TABLE `order_detail`  (
  `id` int NOT NULL AUTO_INCREMENT,
  `count` int NOT NULL COMMENT '当前商品购买数量',
  `price` decimal(10, 2) NOT NULL COMMENT '购买时的商品价格',
  `order_id` varchar(64) CHARACTER SET utf8mb3 COLLATE utf8mb3_general_ci NOT NULL COMMENT '所在订单的ID',
  `goods_id` int NOT NULL COMMENT '所买的商品的ID',
  PRIMARY KEY (`id`) USING BTREE
) ENGINE = InnoDB AUTO_INCREMENT = 42 CHARACTER SET = utf8mb3 COLLATE = utf8mb3_general_ci ROW_FORMAT = DYNAMIC;

-- ----------------------------
-- Records of order_detail
-- ----------------------------
INSERT INTO `order_detail` VALUES (5, 3, 4399.00, '1762766797406343168', 1);
INSERT INTO `order_detail` VALUES (6, 4, 3999.00, '1762766797406343168', 5);
INSERT INTO `order_detail` VALUES (7, 1, 299.00, '1762766797406343168', 2);
INSERT INTO `order_detail` VALUES (8, 1, 999.00, '1762766797406343168', 3);
INSERT INTO `order_detail` VALUES (9, 9, 4399.00, '1762768116481396736', 1);
INSERT INTO `order_detail` VALUES (10, 5, 299.00, '1762768116481396736', 2);
INSERT INTO `order_detail` VALUES (11, 2, 999.00, '1762768116481396736', 3);
INSERT INTO `order_detail` VALUES (12, 7, 3999.00, '1762768116481396736', 5);
INSERT INTO `order_detail` VALUES (13, 30, 299.00, '1762769129451950080', 2);
INSERT INTO `order_detail` VALUES (14, 1, 299.00, '1762769924020899840', 2);
INSERT INTO `order_detail` VALUES (15, 1, 4399.00, '1763006119225200640', 1);
INSERT INTO `order_detail` VALUES (16, 1, 4399.00, '1763006559065083904', 1);
INSERT INTO `order_detail` VALUES (17, 1, 4399.00, '1763011706411421696', 1);
INSERT INTO `order_detail` VALUES (18, 1, 4399.00, '1763036233971404800', 1);
INSERT INTO `order_detail` VALUES (19, 1, 3999.00, '1763036233971404800', 8);
INSERT INTO `order_detail` VALUES (20, 1, 6008.00, '1845012919230910464', 65);
INSERT INTO `order_detail` VALUES (21, 1, 3263.00, '1845062594759741440', 155);
INSERT INTO `order_detail` VALUES (22, 1, 6088.00, '1845825827388919808', 95);
INSERT INTO `order_detail` VALUES (23, 1, 6088.00, '1845825827388919808', 405);
INSERT INTO `order_detail` VALUES (24, 1, 2289.00, '1845826038505017344', 40);
INSERT INTO `order_detail` VALUES (25, 1, 2289.00, '1845834210120749056', 40);
INSERT INTO `order_detail` VALUES (26, 1, 3025.00, '1845834210120749056', 160);
INSERT INTO `order_detail` VALUES (27, 1, 3336.00, '1845834593190727680', 125);
INSERT INTO `order_detail` VALUES (28, 1, 3025.00, '1845834593190727680', 160);
INSERT INTO `order_detail` VALUES (29, 1, 6312.00, '1845834784815894528', 280);
INSERT INTO `order_detail` VALUES (30, 1, 6105.00, '1846101501681000448', 70);
INSERT INTO `order_detail` VALUES (31, 1, 3263.00, '1846101501681000448', 155);
INSERT INTO `order_detail` VALUES (32, 1, 3297.00, '1846101501681000448', 130);
INSERT INTO `order_detail` VALUES (33, 1, 6171.00, '1846101501681000448', 350);
INSERT INTO `order_detail` VALUES (34, 1, 6171.00, '1846106512867627008', 350);
INSERT INTO `order_detail` VALUES (35, 1, 6311.00, '1846106512867627008', 315);
INSERT INTO `order_detail` VALUES (36, 1, 6088.00, '1846114152150720512', 95);
INSERT INTO `order_detail` VALUES (37, 1, 3228.00, '1846121006188716032', 135);
INSERT INTO `order_detail` VALUES (38, 1, 6008.00, '1846790715905028096', 65);
INSERT INTO `order_detail` VALUES (39, 1, 6312.00, '1846790715905028096', 280);
INSERT INTO `order_detail` VALUES (40, 1, 6088.00, '1847205109948420096', 95);
INSERT INTO `order_detail` VALUES (41, 1, 6008.00, '1847205109948420096', 65);

-- ----------------------------
-- Table structure for undo_log
-- ----------------------------
DROP TABLE IF EXISTS `undo_log`;
CREATE TABLE `undo_log`  (
  `id` bigint NOT NULL AUTO_INCREMENT,
  `branch_id` bigint NOT NULL,
  `xid` varchar(100) CHARACTER SET utf8mb3 COLLATE utf8mb3_general_ci NOT NULL,
  `context` varchar(128) CHARACTER SET utf8mb3 COLLATE utf8mb3_general_ci NOT NULL,
  `rollback_info` longblob NOT NULL,
  `log_status` int NOT NULL,
  `log_created` datetime NOT NULL,
  `log_modified` datetime NOT NULL,
  `ext` varchar(100) CHARACTER SET utf8mb3 COLLATE utf8mb3_general_ci NULL DEFAULT NULL,
  PRIMARY KEY (`id`) USING BTREE,
  UNIQUE INDEX `ux_undo_log`(`xid` ASC, `branch_id` ASC) USING BTREE
) ENGINE = InnoDB AUTO_INCREMENT = 57 CHARACTER SET = utf8mb3 COLLATE = utf8mb3_general_ci ROW_FORMAT = Dynamic;

-- ----------------------------
-- Records of undo_log
-- ----------------------------

-- ----------------------------
-- Table structure for user
-- ----------------------------
DROP TABLE IF EXISTS `user`;
CREATE TABLE `user`  (
  `id` int NOT NULL AUTO_INCREMENT,
  `username` varchar(16) CHARACTER SET utf8mb3 COLLATE utf8mb3_general_ci NOT NULL COMMENT '账号',
  `password` varchar(64) CHARACTER SET utf8mb3 COLLATE utf8mb3_general_ci NOT NULL COMMENT '密码，MD5加密',
  `pay_password` varchar(64) CHARACTER SET utf8mb3 COLLATE utf8mb3_general_ci NULL DEFAULT NULL COMMENT '支付密码',
  `salt` varchar(8) CHARACTER SET utf8mb3 COLLATE utf8mb3_general_ci NOT NULL COMMENT '盐',
  `realname` varchar(16) CHARACTER SET utf8mb3 COLLATE utf8mb3_general_ci NULL DEFAULT NULL COMMENT '真实姓名',
  `sex` varchar(1) CHARACTER SET utf8mb3 COLLATE utf8mb3_general_ci NULL DEFAULT NULL COMMENT '性别',
  `id_card` varchar(18) CHARACTER SET utf8mb3 COLLATE utf8mb3_general_ci NULL DEFAULT NULL COMMENT '身份证号',
  `phone` varchar(11) CHARACTER SET utf8mb3 COLLATE utf8mb3_general_ci NULL DEFAULT NULL COMMENT '电话',
  `email` varchar(128) CHARACTER SET utf8mb3 COLLATE utf8mb3_general_ci NULL DEFAULT NULL COMMENT '邮箱',
  `reg_time` timestamp NOT NULL DEFAULT CURRENT_TIMESTAMP COMMENT '注册时间',
  `money` decimal(10, 2) NOT NULL DEFAULT 0.00 COMMENT '余额',
  `status` int NOT NULL DEFAULT 0 COMMENT '0:未认证，1：已认证 2:禁用 3:注销',
  PRIMARY KEY (`id`) USING BTREE
) ENGINE = InnoDB AUTO_INCREMENT = 9 CHARACTER SET = utf8mb3 COLLATE = utf8mb3_general_ci ROW_FORMAT = DYNAMIC;

-- ----------------------------
-- Records of user
-- ----------------------------
INSERT INTO `user` VALUES (1, 'tom', '3b817a99a744cb92d6e9d6aab393830b', '3b817a99a744cb92d6e9d6aab393830b', '981a735b', '汤姆', '女', '123', '123123131', '1232', '2024-02-27 09:00:03', 7455.22, 1);
INSERT INTO `user` VALUES (2, '3', '3b817a99a744cb92d6e9d6aab393830b', NULL, '981a735b', NULL, NULL, NULL, NULL, NULL, '2024-10-05 11:44:08', 0.00, 0);
INSERT INTO `user` VALUES (3, '22', '3b817a99a744cb92d6e9d6aab393830b', '3b817a99a744cb92d6e9d6aab393830b', '981a735b', '杰克', NULL, '11111', NULL, NULL, '2024-10-05 11:44:35', 11.00, 3);
INSERT INTO `user` VALUES (4, '33', '3b817a99a744cb92d6e9d6aab393830b', '3b817a99a744cb92d6e9d6aab393830b', '981a735b', NULL, '男', NULL, '23213234', '312313', '2024-10-05 11:45:12', 47680.00, 1);
INSERT INTO `user` VALUES (7, '122', '3b817a99a744cb92d6e9d6aab393830b', NULL, '981a735b', NULL, NULL, NULL, NULL, NULL, '2024-10-08 19:48:27', 0.00, 0);
INSERT INTO `user` VALUES (8, '211', '3b817a99a744cb92d6e9d6aab393830b', NULL, '981a735b', NULL, NULL, NULL, NULL, NULL, '2024-10-08 19:50:03', 0.00, 0);

SET FOREIGN_KEY_CHECKS = 1;
